Song Name,Artist Name,Album Name,Image Link,01-03,01-10,01-17,01-24,01-31,02-07,02-14,02-21,02-28,03-07,03-14,03-21,03-28,04-04
She's So Mean,Matchbox Twenty,North (Deluxe Edition),https://lastfm.freetls.fastly.net/i/u/300x300/e83aa4de0c404dafb2fbed94789c903b.jpg,27,58,38,80,14,4,2,6,8,11,20,20,31,
Unwell,Matchbox Twenty,More Than You Think You Are,https://lastfm.freetls.fastly.net/i/u/300x300/daa17282a85d8e8f783ca5cd1c873638.jpg,36,37,45,,78,25,12,15,22,34,49,59,,
Real World,Matchbox Twenty,Yourself or Someone Like You,https://lastfm.freetls.fastly.net/i/u/300x300/006ed44fa946733c32673682f20e3a45.png,86,,,,63,12,9,28,36,48,56,,,75
3AM,Matchbox Twenty,Yourself or Someone Like You,https://lastfm.freetls.fastly.net/i/u/300x300/006ed44fa946733c32673682f20e3a45.png,91,76,52,,37,9,6,10,18,18,40,,,73
Push,Matchbox Twenty,Yourself or Someone Like You,https://lastfm.freetls.fastly.net/i/u/300x300/006ed44fa946733c32673682f20e3a45.png,,,,,54,10,10,27,35,47,55,,,72
How Far We've Come,Matchbox Twenty,How Far We've Come,https://lastfm.freetls.fastly.net/i/u/300x300/d62502b5e8134403b1f6b997b609e24d.jpg,,,,,,54,13,38,41,41,57,75,,
Bent,Matchbox Twenty,Mad Season,https://lastfm.freetls.fastly.net/i/u/300x300/168a070f9a7e74269cdff242cbe738a6.jpg,,,,,,67,4,5,7,10,18,19,19,20
If You're Gone,Matchbox Twenty,Mad Season,https://lastfm.freetls.fastly.net/i/u/300x300/168a070f9a7e74269cdff242cbe738a6.jpg,,,,,,68,3,4,6,9,15,18,18,19
Mad Season,Matchbox Twenty,Mad Season,https://lastfm.freetls.fastly.net/i/u/300x300/168a070f9a7e74269cdff242cbe738a6.jpg,,,,,,,1,2,1,1,1,6,6,4
Bright Lights,Matchbox Twenty,More Than You Think You Are,https://lastfm.freetls.fastly.net/i/u/300x300/daa17282a85d8e8f783ca5cd1c873638.jpg,,,,,,,14,16,21,23,44,46,,
Disease,Matchbox Twenty,More Than You Think You Are,https://lastfm.freetls.fastly.net/i/u/300x300/daa17282a85d8e8f783ca5cd1c873638.jpg,,,,,,,15,20,27,36,52,65,,
These Hard Times,Matchbox Twenty,Exile On Mainstream (International),https://lastfm.freetls.fastly.net/i/u/300x300/c65aa56bb4314f4acf4a06c691e3d584.jpg,,,,,,,56,64,48,52,62,82,,
Hang,Matchbox Twenty,Yourself or Someone Like You,https://lastfm.freetls.fastly.net/i/u/300x300/006ed44fa946733c32673682f20e3a45.png,,,,,,,57,65,68,71,85,,,64
Back 2 Good,Matchbox Twenty,Yourself or Someone Like You,https://lastfm.freetls.fastly.net/i/u/300x300/006ed44fa946733c32673682f20e3a45.png,,,,,,,58,66,69,72,86,,,70
Long Day,Matchbox Twenty,Yourself or Someone Like You,https://lastfm.freetls.fastly.net/i/u/300x300/006ed44fa946733c32673682f20e3a45.png,,,,,,,59,67,70,73,87,,,74
Our Song,Matchbox Twenty,North (Deluxe Edition),https://lastfm.freetls.fastly.net/i/u/300x300/e83aa4de0c404dafb2fbed94789c903b.jpg,,,,,,,66,43,54,63,79,,,
Overjoyed,Matchbox Twenty,North (Deluxe Edition),https://lastfm.freetls.fastly.net/i/u/300x300/e83aa4de0c404dafb2fbed94789c903b.jpg,,,,,,,67,44,55,64,80,,,
Put Your Hands Up,Matchbox Twenty,North (Deluxe Edition),https://lastfm.freetls.fastly.net/i/u/300x300/e83aa4de0c404dafb2fbed94789c903b.jpg,,,,,,,68,45,56,65,81,,,
Angry,Matchbox Twenty,Mad Season,https://lastfm.freetls.fastly.net/i/u/300x300/168a070f9a7e74269cdff242cbe738a6.jpg,,,,,,,,,,,23,48,20,16
Crutch,Matchbox Twenty,Mad Season,https://lastfm.freetls.fastly.net/i/u/300x300/168a070f9a7e74269cdff242cbe738a6.jpg,,,,,,,,,,,32,47,23,17
Black & White People,Matchbox Twenty,Mad Season,https://lastfm.freetls.fastly.net/i/u/300x300/168a070f9a7e74269cdff242cbe738a6.jpg,,,,,,,,,,,33,51,28,18
Last Beautiful Girl,Matchbox Twenty,Mad Season,https://lastfm.freetls.fastly.net/i/u/300x300/168a070f9a7e74269cdff242cbe738a6.jpg,,,,,,,,,,,,,34,23
You Won't Be Mine,Matchbox Twenty,Mad Season,https://lastfm.freetls.fastly.net/i/u/300x300/168a070f9a7e74269cdff242cbe738a6.jpg,,,,,,,,,,,,,82,39
Stop,Matchbox Twenty,Mad Season,https://lastfm.freetls.fastly.net/i/u/300x300/168a070f9a7e74269cdff242cbe738a6.jpg,,,,,,,,,,,,,83,40
Leave,Matchbox Twenty,Mad Season,https://lastfm.freetls.fastly.net/i/u/300x300/168a070f9a7e74269cdff242cbe738a6.jpg,,,,,,,,,,,,,84,41
Bed of Lies,Matchbox Twenty,Mad Season,https://lastfm.freetls.fastly.net/i/u/300x300/168a070f9a7e74269cdff242cbe738a6.jpg,,,,,,,,,,,,,85,42
The Burn,Matchbox Twenty,Mad Season,https://lastfm.freetls.fastly.net/i/u/300x300/168a070f9a7e74269cdff242cbe738a6.jpg,,,,,,,,,,,,,86,43
Rest Stop,Matchbox Twenty,Mad Season,https://lastfm.freetls.fastly.net/i/u/300x300/168a070f9a7e74269cdff242cbe738a6.jpg,,,,,,,,,,,,,87,44
Shame,Matchbox Twenty,Yourself or Someone Like You,https://lastfm.freetls.fastly.net/i/u/300x300/006ed44fa946733c32673682f20e3a45.png,,,,,,,,,,,,,,65
Busted,Matchbox Twenty,Yourself or Someone Like You,https://lastfm.freetls.fastly.net/i/u/300x300/006ed44fa946733c32673682f20e3a45.png,,,,,,,,,,,,,,66
Kody,Matchbox Twenty,Yourself or Someone Like You,https://lastfm.freetls.fastly.net/i/u/300x300/006ed44fa946733c32673682f20e3a45.png,,,,,,,,,,,,,,67
Argue,Matchbox Twenty,Yourself or Someone Like You,https://lastfm.freetls.fastly.net/i/u/300x300/006ed44fa946733c32673682f20e3a45.png,,,,,,,,,,,,,,68
Damn,Matchbox Twenty,Yourself or Someone Like You,https://lastfm.freetls.fastly.net/i/u/300x300/006ed44fa946733c32673682f20e3a45.png,,,,,,,,,,,,,,69
Girl Like That,Matchbox Twenty,Yourself or Someone Like You,https://lastfm.freetls.fastly.net/i/u/300x300/006ed44fa946733c32673682f20e3a45.png,,,,,,,,,,,,,,71
