Week,Song Name,Artist Name,Streams,Sales,Airplay
2020-05-08,I am YOU,Stray Kids (스트레이 키즈),1,1,1
2020-05-08,Macavity,Taylor Swift,1,1,1
2020-05-08,boN ApPeTit,Katy Perry,1,1,1
2020-05-08,So It Goes...,Taylor Swift,1,1,1
2020-05-08,...Baby One More Time,Britney Spears,1,1,1
2020-05-08,Call It What You Want,Taylor Swift,2,2,1
2020-05-08,Skyscraper,Demi Lovato,1,1,1
2020-05-08,Physical,Dua Lipa,1,1,1
2020-05-08,Look,Red Velvet,1,1,1
2020-05-08,Getaway Car,Taylor Swift,1,1,1
2020-05-08,IDGAF,Dua Lipa,1,1,1
2020-05-08,Both Of Us (Feat.Taylor Swift),Taylor Swift & B.O.B,2,2,1
2020-05-08,Bad Boy,Red Velvet (레드벨벳),1,1,1
2020-05-08,I Write Sins Not Tragedies,Panic! at the Disco,1,1,1
2020-05-08,This Is How We Do,Katy Perry,1,1,1
2020-05-08,Love Me Harder (Ariana Grande & The Weeknd),Ariana Grande,1,1,1
2020-05-08,Be Natural (feat. 태용 TAEYONG),Red Velvet (레드벨벳),1,1,1
2020-05-08,Complicated,Avril Lavigne,1,1,1
2020-05-08,LATATA,(G)I-DLE,1,1,1
2020-05-08,When You Love Someone,DAY6,1,1,1
2020-05-08,Rise,Katy Perry,1,1,1
2020-05-08,Right Here,더보이즈(THE BOYZ),2,2,1
2020-05-08,Um Oh Ah Yeh,MAMAMOO,1,1,1
2020-05-08,Class Fight,Melanie Martinez,1,1,1
2020-05-08,Mr.Ambiguous,MAMAMOO,2,2,1
2020-05-08,Summertime Sadness,Lana Del Rey,1,1,1
2020-05-08,Double Knot,Stray Kids,1,1,1
2020-05-08,I Wait,DAY6,1,1,1
2020-05-08,Blow Your Mind (Mwah),Dua Lipa,1,1,1
2020-05-08,Stupid Hoe,Nicki Minaj,2,2,1
2020-05-08,불꽃놀이 (Remember Me),OH MY GIRL,1,1,1
2020-05-08,Girls Girls Girls,GOT7 - PlanetLagu.com,1,1,1
2020-05-08,One Last Time,Ariana Grande,2,2,1
2020-05-08,Manse,Seventeen,1,1,1
2020-05-08,La La Land,Demi Lovato,1,1,1
2020-05-08,Teacher's Pet,Melanie Martinez,1,1,1
2020-05-08,That's My Girl,Fifth Harmony,1,1,1
2020-05-08,Circus,Britney Spears,1,1,1
2020-05-08,NONSTOP,OH MY GIRL,1,1,1
2020-05-08,If U Seek Amy,Britney Spears,1,1,1
2020-05-08,Story of My Life,1世代,1,1,1
2020-05-08,Popular Song,Ariana Grande,2,2,1
2020-05-08,FINGERTIP,GFRIEND,1,1,1
2020-05-08,M.I.L.F. $,Fergie,1,1,1
2020-05-08,Lights (Single Version),Ellie Goulding,1,1,1
2020-05-08,Almost Is Never Enough,Ariana Grande & Nathan Sykes,1,1,1
2020-05-08,Kill This Love,BLACKPINK,1,1,1
2020-05-08,What is Love?,TWICE (트와이스),1,1,1
2020-05-08,Dance With the Devil,Katy Perry,1,1,1
2020-05-08,날아올라 (Fly High),Dreamcatcher,1,1,1
2020-05-08,바람 (Levanter),Stray Kids (스트레이 키즈),1,1,1
2020-05-08,Bad Blood (feat. Kendrick Lamar),Taylor Swift,1,1,1
2020-05-08,Love Somebody,Maroon 5,1,1,1
2020-05-08,Wide Awake,Katy Perry,1,1,1
2020-05-08,Word Up!,Little Mix,1,1,1
2020-05-08,어린 날개 (Young Wings),Stray Kids (스트레이 키즈),1,1,1
2020-05-08,Never Really Over,Katy Perry,2,2,1
2020-05-08,오늘부터 우리는 (Me Gustas Tu),여자친구 (GFriend),1,1,1
2020-05-08,Cool for the Summer,Demi Lovato,1,1,1
2020-05-08,해야 (Sunrise),여자친구 (GFriend),1,1,1
2020-05-08,고맙다 (THANKS),Seventeen,1,1,1
2020-05-08,Starry Night,MAMAMOO,1,1,1
2020-05-08,BBIBBI,IU,1,1,1
2020-05-08,니가 하면 If You Do,GOT7 - PlanetLagu.com,1,1,1
2020-05-08,Your Gravity,UP10TION,1,1,1
2020-05-08,Tag You're It,Melanie Martinez,1,1,1
2020-05-08,러시안 룰렛 (Russian Roulette),Red Velvet (레드벨벳),1,1,1
2020-05-08,LIKEY,TWICE (트와이스),1,1,1
2020-05-08,Boyfriend,Selena Gomez,1,1,1
2020-05-08,What the Hell,Avril Lavigne,1,1,1
2020-05-08,다섯 번째 계절 (SSFWL),오마이걸 (OH MY GIRL),1,1,1
2020-05-08,Oops!… I Did It Again,Britney Spears,1,1,1
2020-05-08,Psycho,Red Velvet,1,1,1
2020-05-08,Rare,Selena Gomez,1,1,1
2020-05-08,Hi Hello,DAY6,1,1,1
2020-05-08,In The Middle,dodie,1,1,1
2020-05-08,New Romantics,Taylor Swift,1,1,1
2020-05-08,세가지 소원 Wish Tree - WINTER GARDEN,Red Velvet (레드벨벳),1,1,1
2020-05-08,Lullaby,GOT7 (갓세븐),1,1,1
2020-05-08,Stitches,Shawn Mendes,1,1,1
2020-05-08,Thinking of You,Katy Perry,2,2,1
2020-05-08,When You're Gone,Avril Lavigne,1,1,1
2020-05-08,One More Time,TWICE (트와이스),1,1,1
2020-05-08,Still Into You,Paramore,1,1,1
2020-05-08,SUNSET,TWICE (트와이스),1,1,1
2020-05-08,갑자기 분위기 싸해질 필요 없잖아요 (Awkward Silence),Stray Kids (스트레이 키즈),1,1,1
2020-05-08,RAINBOW,TWICE,1,1,1
2020-05-08,Only You,Little Mix Cheat Codes,1,1,1
2020-05-08,Detention,Melanie Martinez,1,1,1
2020-05-08,One Call Away,Charlie Puth,1,1,1
2020-05-08,I Kissed a Girl,Katy Perry,1,1,1
2020-05-08,HANN (Alone) [한 (一)],(G)I-DLE,1,1,1
2020-05-08,Fancy (feat. Charli XCX),Iggy Azalea,1,1,1
2020-05-08,DUN DUN,Everglow,2,2,1
2020-05-08,Wheels on the Bus,Melanie Martinez,1,1,1
2020-05-08,Dumb Dumb,Red Velvet (레드벨벳),1,1,1
2020-05-08,벌써 12시 (GOTTA GO),Kim Chungha,1,1,1
2020-05-08,Breathe (feat. Colbie Caillat),Taylor Swift,1,1,1
2020-05-08,Something Big,Shawn Mendes,1,1,1
2020-05-08,FLASH,X1,1,1,1
2020-05-08,Get Cool,Stray Kids (스트레이 키즈),1,1,1
2020-05-08,Would You Be So Kind,dodie,1,1,1
2020-05-08,Deja Vu,Dreamcatcher,1,1,1
2020-05-08,The One That Got Away,Katy Perry,1,1,1
2020-05-08,Swish Swish,Katy Perry,1,1,1
2020-05-08,Truth Hurts,Lizzo,1,1,1
2020-05-08,비밀정원 (Secret Garden),OH MY GIRL,1,1,1
2020-05-08,TT,TWICE (트와이스),1,1,1
2020-05-08,Catch Me If You Can,Girls' Generation,1,1,1
2020-05-08,FIESTA,IZ*ONE,2,2,1
2020-05-08,Into You,Ariana Grande,1,1,1
2020-05-08,Congratulations,DAY6,1,1,1
2020-05-08,Around You,LOOΠΔ,1,1,1
2020-05-08,HIT,Seventeen,1,1,1
2020-05-08,What Lovers Do (feat. SZA),Maroon 5,1,1,1
2020-05-08,알 수 없는 비밀 (Sonatine),이달의 소녀 1/3 (LOONA 1/3),1,1,1
2020-05-08,My Pace,Stray Kids (스트레이 키즈),1,1,1
2020-05-08,Cruel Summer,Taylor Swift,1,1,1
2020-05-08,Sippy Cup,Melanie Martinez,1,1,1
2020-05-08,Oh (Yes I Am),이달의 소녀 (Loona),1,1,1
2020-05-08,Death by a Thousand Cuts,Taylor Swift,1,1,1
2020-05-08,Carousel,Melanie Martinez,1,1,1
2020-05-08,YES OR YES,TWICE (트와이스),1,1,1
2020-05-08,Sorry Not Sorry,Demi Lovato,1,1,1
2020-05-08,Mine,Taylor Swift,1,1,1
2020-05-08,Talk to Me,Red Velvet,1,1,1
2020-05-08,Better Than Revenge,Taylor Swift,1,1,1
2020-05-08,Neon Lights,Demi Lovato,1,1,1
2020-05-08,WANNABE,ITZY,1,1,1
2020-05-08,Physical (feat. Hwa Sa),Dua Lipa,1,1,1
2020-05-08,Reggaeton Lento (Remix),CNCO feat. Little Mix,1,1,1
2020-05-08,Hotter Than Hell,Dua Lipa,1,1,1
2020-05-08,Scream,Dreamcatcher,1,1,1
2020-05-08,Bounce Back,Little Mix,1,1,1
2020-05-08,Don't Start Now,Dua Lipa,1,1,1
2020-05-08,So What,이달의 소녀 (Loona),1,1,1
2020-05-08,Kiss and Make Up,Dua Lipa BLACKPINK,1,1,1
2020-05-08,A Year Without Rain,Selena Gomez & the Scene,1,1,1
2020-05-08,I Kissed a Girl (Rock Remix) [Bonus Track],Katy Perry,1,1,1
2020-05-08,Feel Special,TWICE,1,1,1
2020-05-08,...Ready for It?,Taylor Swift,1,1,1
2020-05-08,Oh My God,(G)I-DLE,1,1,1
2020-05-08,FANCY,TWICE (트와이스),1,1,1
2020-05-15,SUNSET,TWICE (트와이스),1,1,1
2020-05-15,YOUNG & WILD,TWICE (트와이스),1,1,1
2020-05-15,LALALA,TWICE (트와이스),1,1,1
2020-05-15,SAY YOU LOVE ME,TWICE (트와이스),1,1,1
2020-05-15,YES OR YES,TWICE (트와이스),2,1,2
2020-05-15,Holy Ground,Taylor Swift,1,1,1
2020-05-15,Stay,Zedd,1,1,1
2020-05-15,Happy Little Pill,Troye Sivan,1,1,1
2020-05-15,That's My Girl,Fifth Harmony,1,1,1
2020-05-15,Hair (feat. Sean Paul),Little Mix,1,1,1
2020-05-15,WANNABE,ITZY,2,2,1
2020-05-15,Touch My Body,SISTAR,1,1,1
2020-05-15,Umpah Umpah,Red Velvet,1,1,1
2020-05-15,Black Magic,Little Mix,1,1,1
2020-05-15,Strawberry Shortcake,Melanie Martinez,1,1,1
2020-05-15,I Write Sins Not Tragedies,Panic! at the Disco,1,1,1
2020-05-15,Say Amen (Saturday Night),Panic! at the Disco,1,1,1
2020-05-15,FANCY,TWICE,2,2,1
2020-05-15,CHEER UP,TWICE,1,1,1
2020-05-15,love4eva (feat. Grimes),이달의 소녀 yyxy,1,1,1
2020-05-15,Radioactive,Imagine Dragons,1,1,1
2020-05-15,Emperor's New Clothes,Panic! at the Disco,1,1,1
2020-05-15,Shower,Becky G,2,2,1
2020-05-15,BBIBBI,IU,1,1,1
2020-05-15,A Song Written Easily,ONEUS,4,4,1
2020-05-15,I Got a Boy,소녀시대,1,1,1
2020-05-15,This Is What You Came For (feat. Rihanna),Calvin Harris,1,1,1
2020-05-15,I Know What You Did Last Summer,Shawn Mendes,1,1,1
2020-05-15,Rookie,Red Velvet,1,1,1
2020-05-15,FIESTA,IZ*ONE,1,1,1
2020-05-15,dal segno,이달의 소녀 yyxy,1,1,1
2020-05-15,A.D.I.D.A.S.,Little Mix,2,2,1
2020-05-15,No Promises (feat. Demi Lovato),Cheat Codes,1,1,1
2020-05-15,There for You,Martin Garrix,1,1,1
2020-05-15,Break My Heart,Dua Lipa,2,2,1
2020-05-15,Burn,Ellie Goulding,1,1,1
2020-05-15,Candy Pop,TWICE,1,1,1
2020-05-15,Don't Know What to Do,BLACKPINK,1,1,1
2020-05-15,Daisies,Katy Perry,2,2,1
2020-05-15,LIT,ONEUS,2,2,1
2020-05-15,Hallucinate,Dua Lipa,1,1,1
2020-05-15,Physical,Dua Lipa,1,1,1
2020-05-15,Say So,Doja Cat,1,1,1
2020-05-15,Don't Start Now,Dua Lipa,1,1,1
2020-05-15,Waking Up in Vegas,Katy Perry,1,1,1
2020-05-15,I Kissed a Girl,Katy Perry,1,1,1
2020-05-15,Stylish,Loona,1,1,1
2020-05-15,Hi High,Loona,1,1,1
2020-05-15,RAINBOW,TWICE,1,1,1
2020-05-15,Feel Special,TWICE,1,1,1
2020-05-15,LIAR LIAR,OH MY GIRL,1,1,1
2020-05-15,BUNGEE (Fall In Love),OH MY GIRL,1,1,1
2020-05-15,NONSTOP,OH MY GIRL,3,3,1
2020-05-15,Never Really Over,Katy Perry,2,2,1
2020-05-15,Woman Like Me (feat. Nicki Minaj),Little Mix,1,1,1
2020-05-15,Can't Hold Us (feat. Ray Dalton),Macklemore & Ryan Lewis,1,1,1
2020-05-15,Ain't My Fault,Zara Larsson,1,1,1
2020-05-15,Thrift Shop (feat. Wanz),Macklemore & Ryan Lewis,1,1,1
2020-05-15,Centuries,Fall Out Boy,1,1,1
2020-05-15,Get Cool,Stray Kids,1,1,1
2020-05-15,FRIENDS,Marshmello,1,1,1
2020-05-15,ME! (feat. Brendon Urie of Panic! at the Disco),Taylor Swift,1,1,1
2020-05-15,Forever Young,BLACKPINK,1,1,1
2020-05-15,갑자기 분위기 싸해질 필요 없잖아요 Awkward Silence,Stray Kids,1,1,1
2020-05-15,I Want You to Know,Zedd,1,1,1
2020-05-15,Born to Die,Lana Del Rey,1,1,1
2020-05-15,Dear Future Husband,Meghan Trainor,1,1,1
2020-05-15,Swish Swish,Katy Perry,1,1,1
2020-05-15,Rise,Katy Perry,2,2,1
2020-05-15,Secret Love Song: Part II,Little Mix,1,1,1
2020-05-15,Naturally,Selena Gomez & the Scene,1,1,1
2020-05-15,Thinking of You,Katy Perry,1,1,1
2020-05-15,A Year Without Rain,Selena Gomez & the Scene,2,2,1
2020-05-15,Skyscraper,Demi Lovato,1,1,1
2020-05-15,Heart Attack,Demi Lovato,2,2,1
2020-05-15,Give Your Heart a Break,Demi Lovato,1,1,1
2020-05-15,Weird People,Little Mix,1,1,1
2020-05-15,Reggaeton Lento (Remix),CNCO feat. Little Mix,1,1,1
2020-05-15,舞い落ちる花びら（Fallin' Flower）,Seventeen,2,2,1
2020-05-15,If U Seek Amy,Britney Spears,3,3,1
2020-05-15,거침없이 (Just do it),BSS (SEVENTEEN),3,3,1
2020-05-15,Circus,Britney Spears,4,4,1
2020-05-15,Grown,Little Mix,1,1,1
2020-05-15,Zombie,DAY6,2,2,1
2020-05-15,Afterglow,Taylor Swift,1,1,1
2020-05-15,You Need to Calm Down,Taylor Swift,1,1,1
2020-05-15,False God,Taylor Swift,1,1,1
2020-05-15,Soon You'll Get Better (feat. Dixie Chicks),Taylor Swift,1,1,1
2020-05-15,London Boy,Taylor Swift,1,1,1
2020-05-15,Death by a Thousand Cuts,Taylor Swift,1,1,1
2020-05-15,Cornelia Street,Taylor Swift,1,1,1
2020-05-15,Paper Rings,Taylor Swift,1,1,1
2020-05-15,Miss Americana & the Heartbreak Prince,Taylor Swift,1,1,1
2020-05-15,I Think He Knows,Taylor Swift,1,1,1
2020-05-15,The Archer,Taylor Swift,1,1,1
2020-05-15,The Man,Taylor Swift,1,1,1
2020-05-15,Lover,Taylor Swift,1,1,1
2020-05-15,Cruel Summer,Taylor Swift,1,1,1
2020-05-15,I Forgot That You Existed,Taylor Swift,1,1,1
2020-05-15,Babe (feat. Taylor Swift),Sugarland,1,1,1
2020-05-15,New Year’s Day,Taylor Swift,1,1,1
2020-05-15,Call It What You Want,Taylor Swift,1,1,1
2020-05-15,This Is Why We Can’t Have Nice Things,Taylor Swift,1,1,1
2020-05-15,Dress,Taylor Swift,1,1,1
2020-05-15,Dancing With Our Hands Tied,Taylor Swift,1,1,1
2020-05-15,King of My Heart,Taylor Swift,1,1,1
2020-05-15,Getaway Car,Taylor Swift,1,1,1
2020-05-15,Gorgeous,Taylor Swift,1,1,1
2020-05-15,So It Goes...,Taylor Swift,1,1,1
2020-05-15,Look What You Made Me Do,Taylor Swift,1,1,1
2020-05-15,Delicate,Taylor Swift,1,1,1
2020-05-15,Don’t Blame Me,Taylor Swift,1,1,1
2020-05-15,I Did Something Bad,Taylor Swift,1,1,1
2020-05-15,End Game (feat. Ed Sheeran & Future),Taylor Swift,1,1,1
2020-05-15,Womanizer,Britney Spears,1,1,1
2020-05-15,힐링 (Healing),Seventeen,2,2,1
2020-05-15,SOMEONE LIKE ME,TWICE (트와이스),1,1,1
2020-05-15,EYE EYE EYES,TWICE (트와이스),1,1,1
2020-05-15,HOLD ME TIGHT,TWICE (트와이스),1,1,1
2020-05-15,Only 너 Only You,TWICE (트와이스),1,1,1
2020-05-15,하루에 세번 THREE TIMES A DAY,TWICE (트와이스),1,1,1
2020-05-15,SIGNAL,TWICE (트와이스),1,1,1
2020-05-15,녹아요 Ice Cream,TWICE (트와이스),1,1,1
2020-05-15,KNOCK KNOCK,TWICE (트와이스),1,1,1
2020-05-15,ONE IN A MILLION,TWICE (트와이스),1,1,1
2020-05-15,NEXT PAGE,TWICE (트와이스),1,1,1
2020-05-15,PIT-A-PAT,TWICE (트와이스),1,1,1
2020-05-15,JELLY JELLY,TWICE (트와이스),1,1,1
2020-05-15,PONYTAIL,TWICE (트와이스),1,1,1
2020-05-15,1 TO 10,TWICE (트와이스),1,1,1
2020-05-15,TT,TWICE (트와이스),1,1,1
2020-05-15,숨이 차 (Getting Closer),Seventeen,1,1,1
2020-05-15,Snap Shoot,Seventeen,1,1,1
2020-05-15,웃음꽃 (Smiling Flower),Seventeen,1,1,1
2020-05-15,사랑쪽지 (Love Letter),Seventeen,1,1,1
2020-05-15,I Don’t Wanna Live Forever (Fifty Shades Darker),ZAYN & Taylor Swift,1,1,1
2020-05-15,New Romantics,Taylor Swift,1,1,1
2020-05-15,You Are in Love,Taylor Swift,1,1,1
2020-05-15,Wonderland,Taylor Swift,1,1,1
2020-05-15,Clean,Taylor Swift,1,1,1
2020-05-15,I Know Places,Taylor Swift,1,1,1
2020-05-15,This Love,Taylor Swift,1,1,1
2020-05-15,How You Get the Girl,Taylor Swift,1,1,1
2020-05-15,Wildest Dreams,Taylor Swift,1,1,1
2020-05-15,Bad Blood,Taylor Swift,1,1,1
2020-05-15,I Wish You Would,Taylor Swift,1,1,1
2020-05-15,Shake It Off,Taylor Swift,1,1,1
2020-05-15,All You Had to Do Was Stay,Taylor Swift,1,1,1
2020-05-15,Out of the Woods,Taylor Swift,1,1,1
2020-05-15,Style,Taylor Swift,1,1,1
2020-05-15,Blank Space,Taylor Swift,1,1,1
2020-05-15,Welcome to New York,Taylor Swift,1,1,1
2020-05-15,CUPID,오마이걸(OH MY GIRL),1,1,1
2020-05-15,Almost Is Never Enough,Ariana Grande & Nathan Sykes,1,1,1
2020-05-15,Kiss and Make Up,Dua Lipa BLACKPINK,1,1,1
2020-05-15,FUN!,프로미스나인 (fromis_9),1,1,1
2020-05-15,Young and Beautiful,Lana Del Rey,1,1,1
2020-05-15,I Kissed a Girl (Rock Remix) [Bonus Track],Katy Perry,1,1,1
2020-05-15,Your Gravity,UP10TION,1,1,1
2020-05-15,잘 하고 있어 (Grow Up),Stray Kids (스트레이 키즈),1,1,1
2020-05-15,너 그리고 나 NAVILLERA,GFRIEND,1,1,1
2020-05-15,Right Here,더보이즈(THE BOYZ),1,1,1
2020-05-15,The Boys (Eng. Ver),소녀시대,1,1,1
2020-05-15,BOOMBAYAH,BLACKPINK,1,1,1
2020-05-15,Crossroads,GFRIEND,1,1,1
2020-05-15,올해 제일 잘한 일,TWICE (트와이스),1,1,1
2020-05-15,RBB (Really Bad Boy),Red Velvet,1,1,1
2020-05-15,Oh (Yes I Am),이달의 소녀 (Loona),1,1,1
2020-05-15,어쩌나 (Oh My!),Seventeen,1,1,1
2020-05-15,LIAR LIAR,오마이걸 (OH MY GIRL),1,1,1
2020-05-15,한 페이지가 될 수 있게 (Time of Our Life),DAY6,1,1,1
2020-05-15,Happy,WJSN,1,1,1
2020-05-15,Girls Girls Girls,GOT7 - PlanetLagu.com,1,1,1
2020-05-15,독 : Fear,Seventeen,1,1,1
2020-05-15,One & Only (Go Won),LOOΠΔ,1,1,1
2020-05-15,Heart Shaker,TWICE (트와이스),1,1,1
2020-05-15,마지막처럼 (AS IF IT’S YOUR LAST),BLACKPINK,1,1,1
2020-05-15,Love Shot,EXO,1,1,1
2020-05-15,Into The New World,소녀시대,1,1,1
2020-05-15,Don't U Wait No More,Red Velvet,1,1,1
2020-05-22,Look,Red Velvet,1,1,1
2020-05-22,No Air,더보이즈(THE BOYZ),1,1,1
2020-05-22,You Better Know,Red Velvet (레드벨벳),1,1,1
2020-05-22,Deja Vu,Dreamcatcher,1,1,1
2020-05-22,Giddy Up,더보이즈(THE BOYZ),1,1,1
2020-05-22,Chase Me,Dreamcatcher,1,1,1
2020-05-22,Happily Ever After,Red Velvet,1,1,1
2020-05-22,Décalcomanie (데칼코마니),MAMAMOO,1,1,1
2020-05-22,Don't Start Now,Dua Lipa,3,3,1
2020-05-22,Answer,ATEEZ,2,2,1
2020-05-22,WONDERLAND,ATEEZ,4,4,1
2020-05-22,시간이 안 지나가 (Walkin` In Time),THE BOYZ,2,2,1
2020-05-22,지킬게 (KeePer) (Prod. Park Kyung),THE BOYZ,2,2,1
2020-05-22,HALA HALA (Hearts Awakened Live Alive),ATEEZ,4,4,1
2020-05-22,FINGERTIP,GFRIEND,1,1,1
2020-05-22,Fear,Seventeen,1,1,1
2020-05-22,Blank Space,Taylor Swift,1,1,1
2020-05-22,Pity Party,Melanie Martinez,1,1,1
2020-05-22,Ridin',NCT DREAM,1,1,1
2020-05-22,피카부 Peek-a-Boo,Red Velvet,1,1,1
2020-05-22,Bad Boy,Red Velvet,1,1,1
2020-05-22,MIROH,Stray Kids,1,1,1
2020-05-22,LION,(G)I-DLE,1,1,1
2020-05-22,Grown,Little Mix,2,2,1
2020-05-22,In & Out,Red Velvet,2,2,1
2020-05-22,Gashina,SUNMI,2,2,1
2020-05-22,Dollhouse,Melanie Martinez,2,1,2
2020-05-22,Love Shot,EXO,2,1,2
2020-05-22,DNA,Little Mix,2,1,2
2020-05-22,Girlfriend,Avril Lavigne,2,1,2
2020-05-22,Zombie,DAY6,3,3,1
2020-05-22,LATATA,(G)I-DLE,2,2,1
2020-05-22,HIT,Seventeen,2,2,1
2020-05-22,Strawberry Shortcake,Melanie Martinez,2,2,1
2020-05-22,break up with your girlfriend i'm bored,Ariana Grande,2,2,1
2020-05-22,Should've Said No,Taylor Swift,2,1,2
2020-05-22,4 Walls,f(x),2,1,2
2020-05-22,Heart Attack,Demi Lovato,3,2,2
2020-05-22,FANCY,TWICE,2,1,2
2020-05-22,Twilight,ONEUS,2,2,1
2020-05-22,M.I.L.F. $,Fergie,2,2,1
2020-05-22,Hurts Like Hell (feat. Offset),Madison Beer,2,2,1
2020-05-22,FAKE LOVE,BTS,2,1,2
2020-05-22,This Is Why We Can't Have Nice Things,Taylor Swift,2,2,1
2020-05-22,Kiss and Make Up,Dua Lipa,2,2,1
2020-05-22,Red Dress,Red Velvet,2,2,1
2020-05-22,Sweet but Psycho,Ava Max,2,2,1
2020-05-22,Up & Down,EXID,2,2,1
2020-05-22,Eclipse,Loona,1,1,1
2020-05-22,Eclipse (Prod. by Daniel Obi Klein),Loona,1,1,1
2020-05-22,Hellevator,Stray Kids,2,1,2
2020-05-22,Cry Baby,Melanie Martinez,2,2,1
2020-05-22,Shoot Me,DAY6,2,2,1
2020-05-22,Pirate King,ATEEZ,2,2,1
2020-05-22,Hollaback Girl,Gwen Stefani,2,2,1
2020-05-22,REVEAL,THE BOYZ,5,3,3
2020-05-22,That's What You Get,Paramore,2,2,1
2020-05-22,Picture to Burn,Taylor Swift,2,2,1
2020-05-22,Valkyrie,ONEUS,2,1,2
2020-05-22,Wave,ATEEZ,1,1,1
2020-05-22,Round & Round,Selena Gomez & the Scene,1,1,1
2020-05-22,Save as Draft,Katy Perry,1,1,1
2020-05-22,I Kissed a Girl (Rock Remix) [Bonus Track],Katy Perry,1,1,1
2020-05-22,A Year Without Rain,Selena Gomez & the Scene,1,1,1
2020-05-22,Skyscraper,Demi Lovato,1,1,1
2020-05-22,Neon Lights,Demi Lovato,1,1,1
2020-05-22,?chame La Culpa,Luis Fonsi & Demi Lovato,1,1,1
2020-05-22,Beep Beep,Little Mix,1,1,1
2020-05-22,La La Land,Demi Lovato,1,1,1
2020-05-22,Really Don't Care (feat. Cher Lloyd),Demi Lovato,1,1,1
2020-05-22,Freak,Little Mix,1,1,1
2020-05-22,Cool for the Summer,Demi Lovato,1,1,1
2020-05-22,Love Me or Leave Me,Little Mix,1,1,1
2020-05-22,The Beginning,Little Mix,1,1,1
2020-05-22,Weird People,Little Mix,1,1,1
2020-05-22,Give Your Heart a Break,Demi Lovato,1,1,1
2020-05-22,No Promises (feat. Demi Lovato),Cheat Codes,1,1,1
2020-05-22,Reggaeton Lento (Remix),CNCO feat. Little Mix,1,1,1
2020-05-22,Down & Dirty,Little Mix,1,1,1
2020-05-22,Sorry Not Sorry,Demi Lovato,1,1,1
2020-05-22,Tell Me You Love Me,Demi Lovato,1,1,1
2020-05-22,NONSTOP,OH MY GIRL,1,1,1
2020-05-22,Circus,Britney Spears,1,1,1
2020-05-22,If U Seek Amy,Britney Spears,1,1,1
2020-05-22,A Song Written Easily,ONEUS,1,1,1
2020-05-22,舞い落ちる花びら（Fallin' Flower）,Seventeen,1,1,1
2020-05-22,웃음꽃 (Smiling Flower),Seventeen,1,1,1
2020-05-22,HIGHLIGHT,Seventeen,1,1,1
2020-05-22,사랑쪽지 (Love Letter),Seventeen,1,1,1
2020-05-22,숨이 차 (Getting Closer),Seventeen,1,1,1
2020-05-22,힐링 (Healing),Seventeen,1,1,1
2020-05-22,Snap Shoot,Seventeen,1,1,1
2020-05-22,I’m Your Boy,THE BOYZ,1,1,1
2020-05-22,Whatta Man (Good man),I.O.I,1,1,1
2020-05-22,Daisies,Katy Perry,1,1,1
2020-05-22,To Heart,fromis_9,1,1,1
2020-05-29,Grrr 총량의 법칙,Stray Kids,1,1,1
2020-05-29,Bad Blood,Taylor Swift,1,1,1
2020-05-29,4 Walls,f(x),1,1,1
2020-05-29,Up & Down,EXID,1,1,1
2020-05-29,Hallucinate,Dua Lipa,1,1,1
2020-05-29,Kiss and Make Up,Dua Lipa,1,1,1
2020-05-29,Pity Party,Melanie Martinez,1,1,1
2020-05-29,WONDERLAND,ATEEZ,1,1,1
2020-05-29,Scream,Dreamcatcher,1,1,1
2020-05-29,Valkyrie,ONEUS,2,2,1
2020-05-29,Here's to Never Growing Up,Avril Lavigne,1,1,1
2020-05-29,HIT,Seventeen,1,1,1
2020-05-29,Automatic,Red Velvet,1,1,1
2020-05-29,Oops!...I Did It Again,Britney Spears,1,1,1
2020-05-29,So What,Loona,1,1,1
2020-05-29,HIP,MAMAMOO,1,1,1
2020-05-29,Babe (feat. Taylor Swift),Sugarland,1,1,1
2020-05-29,Eclipse,Loona,1,1,1
2020-05-29,Look What You Made Me Do,Taylor Swift,1,1,1
2020-05-29,Tell Me Something I Don't Know,Selena Gomez & the Scene,1,1,1
2020-05-29,HALA HALA (Hearts Awakened Live Alive),ATEEZ,2,2,1
2020-05-29,Hollaback Girl,Gwen Stefani,1,1,1
2020-05-29,Toxic,Britney Spears,1,1,1
2020-05-29,Psycho,Red Velvet,1,1,1
2020-05-29,Chewing Gum,NCT DREAM,1,1,1
2020-05-29,A Night to Remember - Original Version,High School Musical,1,1,1
2020-05-29,VERY NICE,Seventeen,1,1,1
2020-05-29,La La,The Cab,1,1,1
2020-05-29,Senorita,VAV,1,1,1
2020-05-29,Make You Believe,Lucy Hale,1,1,1
2020-05-29,Find U Again (feat. Camila Cabello),Mark Ronson,1,1,1
2020-05-29,BANG BANG BANG,Bigbang,1,1,1
2020-05-29,Scars to Your Beautiful,Alessia Cara,2,2,1
2020-05-29,Let’s SHUT UP & DANCE,LAY,1,1,1
2020-05-29,Titanium (feat. Sia),David Guetta,1,1,1
2020-05-29,Butterflies,Zendaya,1,1,1
2020-05-29,Brave,Sara Bareilles,1,1,1
2020-05-29,Cake,Melanie Martinez,2,1,2
2020-05-29,Symphony (feat. Zara Larsson),Clean Bandit,1,1,1
2020-05-29,Candy Store,Jessica Keenan Wynn,1,1,1
2020-05-29,Fantasy (feat. Amber Liu),Superfruit,1,1,1
2020-05-29,When I Grow Up,The Pussycat Dolls,1,1,1
2020-05-29,POPSICLE,UHSN,1,1,1
2020-05-29,Victorious,Panic! at the Disco,2,2,1
2020-05-29,Wave,ATEEZ,1,1,1
2020-05-29,Twilight (Prod. by Cha Cha Malone) (김립),이달의 소녀 (Loona),1,1,1
2020-05-29,Bubble Pop!,HyunA,1,1,1
2020-05-29,Pirate King,ATEEZ,1,1,1
2020-05-29,Sweet Crazy Love,이달의 소녀 오드아이써클 (LOONA/ODD EYE CIRCLE),1,1,1
2020-05-29,박수 (Clap),Seventeen,1,1,1
2020-05-29,The Boys,Girls' Generation,1,1,1
2020-05-29,I Got a Boy,소녀시대,1,1,1
2020-05-29,Ice Cream Cake,Red Velvet (레드벨벳),1,1,1
2020-05-29,Manse,Seventeen,1,1,1
2020-05-29,LIAR LIAR,오마이걸 (OH MY GIRL),1,1,1
2020-05-29,Chase Me,Dreamcatcher,1,1,1
2020-05-29,컬러링북 (Coloring Book),오마이걸 (OH MY GIRL),1,1,1
2020-05-29,Happy,WJSN,2,2,1
2020-05-29,울고 싶지 않아 (Don’t Wanna Cry),Seventeen,1,1,1
2020-05-29,마지막처럼 (AS IF IT’S YOUR LAST),BLACKPINK,1,1,1
2020-05-29,Twilight,ONEUS,1,1,1
2020-05-29,Mr.Ambiguous,MAMAMOO,1,1,1
2020-05-29,Be Natural (feat. 태용 TAEYONG),Red Velvet (레드벨벳),1,1,1
2020-05-29,D-1,LOOΠΔ,1,1,1
2020-05-29,FANCY,TWICE (트와이스),1,1,1
2020-05-29,Rookie,Red Velvet (레드벨벳),1,1,1
2020-05-29,Stay Tonight,CHUNG HA,1,1,1
2020-05-29,Monster,dodie,1,1,1
2020-05-29,Walkin’ in Time,THE BOYZ,1,1,1
2020-05-29,Heart Shaker,TWICE,1,1,1
2020-05-29,Call It What You Want,Taylor Swift,1,1,1
2020-05-29,ICY,ITZY,1,1,1
2020-05-29,Lose You to Love Me,Selena Gomez,1,1,1
2020-05-29,HAPPY HAPPY,TWICE,1,1,1
2020-05-29,The Best Day,Taylor Swift,1,1,1
2020-05-29,Me Gustas Tu,GFRIEND,1,1,1
2020-05-29,Sixteen,OH MY GIRL,1,1,1
2020-05-29,The fifth season (SSFWL),OH MY GIRL,1,1,1
2020-05-29,Mean,Taylor Swift,1,1,1
2020-05-29,Remember Me,OH MY GIRL,1,1,1
2020-05-29,New Romantics,Taylor Swift,1,1,1
2020-05-29,A Thousand Years,Christina Perri,1,1,1
2020-05-29,Hi High,Loona,1,1,1
2020-05-29,MIXTAPE#2,Stray Kids,1,1,1
2020-05-29,Secret Garden,OH MY GIRL,1,1,1
2020-05-29,Sit Still Look Pretty,Daya,1,1,1
2020-05-29,Voices,Stray Kids,1,1,1
2020-05-29,Just do it,BSS (SEVENTEEN),1,1,1
2020-05-29,Physical,Dua Lipa,1,1,1
2020-05-29,The Archer,Taylor Swift,1,1,1
2020-05-29,Skyscraper,Demi Lovato,1,1,1
2020-05-29,Story of My Life,One Direction,1,1,1
2020-05-29,Blow Your Mind (Mwah),Dua Lipa,1,1,1
2020-05-29,Parade,Red Velvet,1,1,1
2020-05-29,Love & Live,LOOΠΔ 1/3,2,2,1
2020-05-29,High Hopes,Panic! at the Disco,2,2,1
2020-05-29,KeePer (Prod. PARK KYUNG),THE BOYZ,2,2,1
2020-06-05,So What,이달의 소녀 (Loona),1,1,1
2020-06-05,Happy,WJSN,1,1,1
2020-06-05,SWEET SUMMER DAY,TWICE,3,3,1
2020-06-05,MAKE ME GO,TWICE,3,3,1
2020-06-05,FIREWORK,TWICE,3,3,1
2020-06-05,OXYGEN,TWICE,3,3,1
2020-06-05,DON'T CALL ME AGAIN,TWICE,2,2,1
2020-06-05,SHADOW,TWICE,2,2,1
2020-06-05,MORE & MORE,TWICE,3,3,1
2020-06-05,Butterflies,Zendaya,1,1,1
2020-06-05,FINGERTIP,GFRIEND,1,1,1
2020-06-05,FANCY,TWICE,1,1,1
2020-06-05,Ain't Your Mama,Jennifer Lopez,1,1,1
2020-06-05,A.D.I.D.A.S.,Little Mix,1,1,1
2020-06-05,Break My Heart,Dua Lipa,1,1,1
2020-06-05,Valkyrie,ONEUS,1,1,1
2020-06-05,Work Bitch,Britney Spears,1,1,1
2020-06-05,Wave,ATEEZ,1,1,1
2020-06-05,Answer,ATEEZ,1,1,1
2020-06-05,Stay Tonight,CHUNG HA,1,1,1
2020-06-05,Rain On Me,Lady Gaga/Ariana Grande,1,1,1
2020-06-05,Illusion,ATEEZ,1,1,1
2020-06-05,Pirate King,ATEEZ,1,1,1
2020-06-05,Sour Candy,Lady Gaga & BLACKPINK,1,1,1
2020-06-05,A Year Without Rain,Selena Gomez & the Scene,1,1,1
2020-06-19,Circus,Britney Spears,1,1,1
2020-06-19,Blank Space,Taylor Swift,1,1,1
2020-06-19,Woman Like Me (feat. Nicki Minaj),Little Mix,2,2,1
2020-06-19,Sweet Crazy Love,LOOΠΔ / ODD EYE CIRCLE,1,1,1
2020-06-19,CLAP,Seventeen,1,1,1
2020-06-19,Strawberry Shortcake,Melanie Martinez,1,1,1
2020-06-19,TiK ToK,Kesha,1,1,1
2020-06-19,Sucker For Pain (with Wiz Khalifa Imagine Dragons Logic & Ty Dolla $ign feat. X Ambassadors),Lil Wayne,1,1,1
2020-06-19,Red Dress,Red Velvet,1,1,1
2020-06-19,Bad Boy,Red Velvet,1,1,1
2020-06-19,ICY,ITZY,1,1,1
2020-06-19,Rumor,H.I.N.P (Hot Issue of Ntl. Producers),1,1,1
2020-06-19,WONDERLAND,ATEEZ,2,2,1
2020-06-19,Gotta Go,CHUNG HA,1,1,1
2020-06-19,Complicated,Avril Lavigne,1,1,1
2020-06-19,Deja Vu,Dreamcatcher,1,1,1
2020-06-19,MORE & MORE,TWICE,1,1,1
2020-06-19,Hallucinate,Dua Lipa,1,1,1
2020-06-19,Never Really Over,Katy Perry,1,1,1
2020-06-19,HIT,Seventeen,1,1,1
2020-06-19,Titanium (feat. Sia),David Guetta,1,1,1
2020-06-19,Bad Blood,Taylor Swift,1,1,1
2020-06-19,A.D.I.D.A.S.,Little Mix,1,1,1
2020-06-19,Shower,Becky G,1,1,1
2020-06-19,FINGERTIP,GFRIEND,1,1,1
2020-06-19,Butterflies,Zendaya,1,1,1
2020-06-19,Psycho,Red Velvet,1,1,1
2020-06-19,La La,The Cab,1,1,1
2020-06-19,So What,Loona,1,1,1
2020-06-19,dal segno,이달의 소녀 yyxy,1,1,1
2020-06-19,Valkyrie,ONEUS,2,1,2
2020-06-19,Get It,PRISTIN V,1,1,1
2020-06-19,Boomerang,The Summer Set,1,1,1
2020-06-19,If I Had You,Adam Lambert,1,1,1
2020-06-19,Feel This Moment (feat. Christina Aguilera),Pitbull,1,1,1
2020-06-19,In & Out,Red Velvet,1,1,1
2020-06-26,꿈꾸는 마음으로 (Dreams Come True),WJSN (Cosmic Girls),1,1,1
2020-06-26,Carousel,Melanie Martinez,1,1,1
2020-06-26,이루리 (As You Wish),WJSN (Cosmic Girls),1,1,1
2020-06-26,Hit That Drum,Red Velvet,1,1,1
2020-06-26,Milk and Cookies,Melanie Martinez,1,1,1
2020-06-26,Swimming Pool,Red Velvet,1,1,1
2020-07-03,STOP,Stray Kids (스트레이 키즈),1,1,1
2020-07-03,밟힌 적 없는 길,Stray Kids (스트레이 키즈),1,1,1
2020-07-03,Into The New World,소녀시대,1,1,1
2020-07-03,Egotistic,MAMAMOO,1,1,1
2020-07-03,Really Don't Care (feat. Cher Lloyd),Demi Lovato,1,1,1
2020-07-03,Attaboy,Red Velvet,1,1,1
2020-07-10,Touch It,Ariana Grande,1,1,1
2020-07-10,Bad Liar,Selena Gomez,1,1,1
2020-07-10,no tears left to cry,Ariana Grande,1,1,1
2020-07-10,Rise,Katy Perry,1,1,1
2020-07-10,the light is coming (feat. Nicki Minaj),Ariana Grande,1,1,1
2020-07-10,Butterflies,Red Velvet,1,1,1
2020-07-10,Left & Right,Seventeen,1,1,1
2020-07-10,I'm bisexual,dodie,1,1,1
2020-07-10,Drama Club,Melanie Martinez,1,1,1
2020-07-10,Don`t Know What To Do,BLACKPINK,1,1,1
2020-07-10,Shoot Me,DAY6,1,1,1
2020-07-10,Oh! my mistake,April,1,1,1
2020-07-10,?chame La Culpa,Luis Fonsi & Demi Lovato,1,1,1
2020-07-10,Um Oh Ah Yeh,MAMAMOO,1,1,1
2020-07-10,BOYS LIKE YOU,dodie,1,1,1
2020-07-10,땡땡땡 (Ding Ding Dong),이달의 소녀 (Loona),1,1,1
2020-07-10,The Reason Why,TWICE,1,1,1
2020-07-10,Bounce Back,Little Mix,1,1,1
2020-07-10,Pacify Her,Melanie Martinez,1,1,1
2020-07-10,두 손을 모아 (AVE MARIA),여자친구 (GFriend),1,1,1
2020-07-17,교차로 (Crossroads),GFRIEND,1,1,1
2020-07-17,Punch,NCT 127,1,1,1
2020-07-17,Highway To Heaven,NCT 127,1,1,1
2020-07-17,영웅 (英雄; Kick It),NCT 127,1,1,1
2020-07-17,Cherry Bomb,NCT 127,1,1,1
2020-07-17,Superhuman,NCT 127,1,1,1
2020-07-17,Fire Truck,NCT 127,1,1,1
2020-07-17,Simon Says,NCT 127,1,1,1
2020-07-17,TOUCH,NCT 127,1,1,1
2020-07-17,9와 4분의 3 승강장에서 너를 기다려 (Run Away),TXT,1,1,1
2020-07-17,세계가 불타버린 밤 우린... (Can't You See Me?),TXT,1,1,1
2020-07-17,We Go Up,NCT DREAM,1,1,1
2020-07-17,神메뉴 (God's Menu),Stray Kids,1,1,1
2020-07-24,illicit affairs,Taylor Swift,2,2,1
2020-07-24,this is me trying,Taylor Swift,2,2,1
2020-07-24,august,Taylor Swift,2,2,1
2020-07-24,seven,Taylor Swift,2,2,1
2020-07-24,mirrorball,Taylor Swift,2,2,1
2020-07-24,my tears ricochet,Taylor Swift,3,3,1
2020-07-24,exile,Taylor Swift Bon Iver,1,1,1
2020-07-24,the last great american dynasty,Taylor Swift,3,3,1
2020-07-24,exile (feat. Bon Iver),Taylor Swift,2,2,1
2020-07-24,cardigan,Taylor Swift,2,2,1
2020-07-24,Cruel Summer,Taylor Swift,1,1,1
2020-07-24,I Forgot That You Existed,Taylor Swift,1,1,1
2020-07-24,hoax,Taylor Swift,1,1,1
2020-07-24,peace,Taylor Swift,1,1,1
2020-07-24,betty,Taylor Swift,1,1,1
2020-07-24,epiphany,Taylor Swift,1,1,1
2020-07-24,mad woman,Taylor Swift,1,1,1
2020-07-24,invisible string,Taylor Swift,1,1,1
2020-07-24,the 1,Taylor Swift,1,1,1
2020-07-24,다섯 번째 계절 (SSFWL),오마이걸 (OH MY GIRL),1,1,1
2020-07-24,Catch Me If You Can,Girls' Generation,1,1,1
2020-07-24,환상동화 (Secret Story of the Swan),IZ*ONE,1,1,1
2020-07-24,소년 (Boy),더보이즈(THE BOYZ),1,1,1
2020-07-24,유리구두,fromis_9,1,1,1
2020-07-31,Uncover (Sung by SEULGI) (Bonus Track),Red Velvet - IRENE & SEULGI,1,1,1
2020-08-07,Chewing Gum,NCT DREAM,1,1,1
2020-08-07,The Man,Taylor Swift,2,1,2
2020-08-07,London Boy,Taylor Swift,2,1,2
2020-08-07,Highway to Heaven - English Version,NCT 127,2,2,1
2020-08-07,Right There,Ariana Grande,2,2,1
2020-08-07,Very Very Very,I.O.I,2,1,2
2020-08-07,Castle on the Hill,Ed Sheeran,2,1,2
2020-08-07,Stylish,Loona,2,1,2
2020-08-07,Best Song Ever,One Direction,2,1,2
2020-08-07,Oh My!,Seventeen,2,2,1
2020-08-07,Uma Thurman,Fall Out Boy,2,2,1
2020-08-07,dal segno,LOONA/yyxy,2,2,1
2020-08-07,Dear Future Husband,Meghan Trainor,2,2,1
2020-08-07,NONSTOP,OH MY GIRL,2,2,1
2020-08-07,Rookie,Red Velvet,2,2,1
2020-08-07,Feels (feat. Pharrell Williams Katy Perry & Big Sean),Calvin Harris,2,2,1
2020-08-07,Bad Liar,Selena Gomez,2,2,1
2020-08-07,BUNGEE (Fall In Love),OH MY GIRL,2,2,1
2020-08-07,Locked Away (feat. Adam Levine),Rock City,2,2,1
2020-08-07,Fever,GFRIEND,2,2,1
2020-08-07,365,Zedd,2,2,1
2020-08-07,Love Myself,Hailee Steinfeld,2,1,2
2020-08-07,Your Gravity,UP10TION,2,2,1
2020-08-07,Black Magic,Little Mix,2,2,1
2020-08-07,Summertime Sadness,Lana Del Rey,2,2,1
2020-08-07,Hey Soul Sister,Train,2,2,1
2020-08-07,District 9,Stray Kids,2,2,1
2020-08-07,Liar Liar (Korean Version),OH MY GIRL,2,2,1
2020-08-07,Cruel Summer,Taylor Swift,2,1,2
2020-08-07,Hallucinate,Dua Lipa,2,2,1
2020-08-07,Look,GOT7,2,2,1
2020-08-07,Holy Ground,Taylor Swift,2,2,1
2020-08-07,Physical,Dua Lipa,2,1,2
2020-08-07,Punch,NCT 127,2,2,1
2020-08-07,세계가 불타버린 밤 우린... (Can't You See Me?),TXT,1,1,1
2020-08-07,Highway To Heaven,NCT 127,1,1,1
2020-08-14,Secret Story of the Swan,IZ*ONE,1,1,1
2020-08-14,KILL THIS LOVE - JP Ver.,BLACKPINK,1,1,1
2020-08-14,A.D.I.D.A.S.,Little Mix,1,1,1
2020-08-14,Wake Me Up,Avicii,1,1,1
2020-08-14,This Is How We Do,Katy Perry,1,1,1
2020-08-14,Chewing Gum,NCT DREAM,1,1,1
2020-08-21,Jopping,SuperM,1,1,1
2020-08-21,Can I Go With You?,Taylor Swift,1,1,1
2020-08-21,Love Me or Leave Me,Little Mix,1,1,1
2020-08-21,I Used to Fly,Taylor Swift,1,1,1
2020-08-21,Simon Says,NCT 127,1,1,1
2020-08-21,Your Gravity,UP10TION,1,1,1
2020-08-21,Stay Tonight,CHUNG HA,1,1,1
2020-08-21,Better Off,Taylor Swift,1,1,1
2020-08-21,환상동화 (Secret Story of the Swan),IZ*ONE,1,1,1
2020-08-21,Catch Me If You Can,Girls' Generation,1,1,1
2020-08-21,Truth Hurts,Lizzo,1,1,1
2020-08-21,LUV ME,TWICE,1,1,1
2020-08-21,일상 (Another Day),Stray Kids,1,1,1
2020-08-21,Crazier (Demo),Taylor Swift,1,1,1
2020-08-21,Recess,Melanie Martinez,1,1,1
2020-08-21,LOVE FOOLISH,TWICE,1,1,1
2020-08-21,Remember Forever,Red Velvet,1,1,1
2020-08-21,Snap Shoot,Seventeen,1,1,1
2020-08-21,DUN DUN,Everglow,1,1,1
2020-08-21,Blue Jeans,Lana Del Rey,1,1,1
2020-08-21,Daisies,Katy Perry,1,1,1
2020-08-21,the last great american dynasty,Taylor Swift,1,1,1
2020-08-21,Mojito,Red Velvet,1,1,1
2020-08-21,넌 is 뭔들 (You`re the Best),MAMAMOO,1,1,1
2020-08-21,This Is Me,Keala Settle & The Greatest Showman Ensemble,1,1,1
2020-08-21,You're the One That I Want,John Travolta & Olivia Newton-John,1,1,1
2020-08-21,놀이 (Naughty),레드벨벳-아이린 & 슬기,1,1,1
2020-08-21,Just South of Knowing Why,Taylor Swift,1,1,1
2020-08-21,9와 4분의 3 승강장에서 너를 기다려 (Run Away),TXT,1,1,1
2020-08-21,Look,Red Velvet,1,1,1
2020-08-21,Carpool,Red Velvet,1,1,1
2020-08-21,BOYS LIKE YOU,dodie,1,1,1
2020-08-21,꿈꾸는 마음으로 (Dreams Come True),WJSN (Cosmic Girls),1,1,1
2020-08-21,TOP (Tower of God OP),Stray Kids,1,1,1
2020-08-21,We Young,NCT DREAM,1,1,1
2020-08-21,Mr. Potter,DIA,1,1,1
2020-08-21,바람 (Levanter),Stray Kids (스트레이 키즈),1,1,1
2020-08-21,MAKE ME GO,TWICE,1,1,1
2020-08-21,I'd Lie,Taylor Swift,1,1,1
2020-08-21,너에게 닿기를 (I Wish),WJSN (Cosmic Girls),1,1,1
2020-08-21,SHADOW,TWICE,1,1,1
2020-08-21,You Think,소녀시대,1,1,1
2020-08-21,party tattoos,dodie,1,1,1
2020-08-21,Lunchbox Friends,Melanie Martinez,1,1,1
2020-08-21,august,Taylor Swift,1,1,1
2020-08-21,Freak,Little Mix,1,1,1
2020-08-21,TOUCH,NCT 127,1,1,1
2020-08-21,Be OK,TWICE,1,1,1
2020-08-21,Feel Special,TWICE,1,1,1
2020-08-21,Grown,Little Mix,1,1,1
2020-08-28,Monster,Red Velvet - IRENE & SEULGI,1,1,1
2020-08-28,神메뉴 (God's Menu),Stray Kids,1,1,1
2020-08-28,영웅 (英雄; Kick It),NCT 127,1,1,1
2020-08-28,Gone Days,Stray Kids,1,1,1
2020-09-11,Skyscraper,Demi Lovato,1,1,1
2020-09-11,?chame La Culpa,Luis Fonsi & Demi Lovato,1,1,1
2020-09-11,9와 4분의 3 승강장에서 너를 기다려 (Run Away),TXT,1,1,1
2020-09-11,Look,Red Velvet,1,1,1
2020-09-11,Word Up!,Little Mix,1,1,1
2020-09-11,Still Into You,Paramore,1,1,1
2020-09-11,One Of These Nights (Piano Version),Red Velvet,1,1,1
2020-09-11,Naturally,Selena Gomez & the Scene,1,1,1
2020-09-11,Cherry Bomb,NCT 127,1,1,1
2020-09-11,Boyfriend,Selena Gomez,1,1,1
2020-09-11,IDGAF,Dua Lipa,1,1,1
2020-09-11,Genie,Girls' Generation,1,1,1
2020-09-11,Chewing Gum (Korean Ver.),NCT DREAM,1,1,1
2020-09-11,A Million Dreams,Ziv Zaifman Hugh Jackman & Michelle Williams,1,1,1
2020-09-11,better off,Ariana Grande,1,1,1
2020-09-11,HIGHLIGHT,Seventeen,1,1,1
2020-09-11,Magnolia,Too,1,1,1
2020-09-11,Light Me Up,Red Velvet,1,1,1
2020-09-11,HOT SUMMER NIGHTS,OH MY GIRL,1,1,1
2020-09-11,betty,Taylor Swift,1,1,1
2020-09-11,Jumpin’,Red Velvet,1,1,1
2020-09-11,pete davidson,Ariana Grande,1,1,1
2020-09-11,Dance Again (feat. Pitbull),Jennifer Lopez,1,1,1
2020-09-11,Butterflies,Red Velvet,1,1,1
2020-09-11,Anaconda,Nicki Minaj,1,1,1
2020-09-11,Weird People,Little Mix,1,1,1
2020-09-11,I’m Your Boy,THE BOYZ,1,1,1
2020-09-11,I'm Every Woman,Taylor Swift,1,1,1
2020-09-11,La Rouge,Red Velvet,1,1,1
2020-09-11,Pacify Her,Melanie Martinez,1,1,1
2020-09-11,Fire Truck,NCT 127,1,1,1
2020-09-11,Neon Lights,Demi Lovato,1,1,1
2020-09-11,Labyrinth,GFRIEND,1,1,1
2020-09-11,Honey Baby,Taylor Swift,1,1,1
2020-09-11,Almost Is Never Enough,Ariana Grande & Nathan Sykes,1,1,1
2020-09-11,Baby Don`t Stop,NCT U,1,1,1
2020-09-11,Hallucinate,Dua Lipa,1,1,1
2020-09-11,In The Middle,dodie,1,1,1
2020-09-11,Without You,NCT U,1,1,1
2020-09-11,WANNABE,ITZY,1,1,1
2020-09-11,You Can STAY,Stray Kids (스트레이 키즈),1,1,1
2020-09-11,Mr.Ambiguous,MAMAMOO,1,1,1
2020-09-11,Training Wheels,Melanie Martinez,1,1,1
2020-09-11,Pink Lemonade,TWICE,1,1,1
2020-09-11,Stronger,TWICE,1,1,1
2020-09-18,RBB (Really Bad Boy) (Eng Ver.),Red Velvet,1,1,1
2020-09-18,Carousel,Melanie Martinez,1,1,1
2020-09-18,Lion Heart,소녀시대,1,1,1
2020-09-18,Would You Be So Kind,dodie,1,1,1
2020-09-18,I Know What I Want,Taylor Swift,1,1,1
2020-09-18,Um Oh Ah Yeh,MAMAMOO,1,1,1
2020-09-18,?chame La Culpa,Luis Fonsi & Demi Lovato,1,1,1
2020-09-18,Sorry Not Sorry,Demi Lovato,1,1,1
2020-09-18,Stay With Me Babe (Bonus Track),LOOΠΔ,1,1,1
2020-09-18,Scream,Dreamcatcher,1,1,1
2020-09-18,Fire,2NE1,1,1,1
2020-09-18,you,dodie,1,1,1
2020-09-18,SLUMP (Tower of God ED),Stray Kids,1,1,1
2020-09-18,Sixteen,OH MY GIRL,1,1,1
2020-09-18,놀이 (Naughty),레드벨벳-아이린 & 슬기,1,1,1
2020-09-18,The Principal,Melanie Martinez,1,1,1
2020-09-18,Break My Heart,Dua Lipa,1,1,1
2020-09-18,Spring,MCND,1,1,1
2020-09-18,Valkyrie,ONEUS,1,1,1
2020-09-18,Welcome,IZ*ONE,1,1,1
2020-09-18,Back Door,Stray Kids (스트레이 키즈),1,1,1
2020-09-18,Intro,GFRIEND,1,1,1
2020-09-25,Blow Your Mind (Mwah),Dua Lipa,1,1,1
2020-09-25,Ridin',NCT DREAM,1,1,1
2020-09-25,Taste,Red Velvet,1,1,1
2020-09-25,Oh My God,(G)I-DLE,1,1,1
2020-09-25,We Go (방찬 & 창빈 & 한),Stray Kids (스트레이 키즈),1,1,1
2020-09-25,All Right,Red Velvet,1,1,1
2020-09-25,Décalcomanie (데칼코마니),MAMAMOO,1,1,1
2020-09-25,Day 1,Red Velvet,1,1,1
2020-09-25,TOP (Tower of God OP),Stray Kids,1,1,1
2020-09-25,successful,Ariana Grande,1,1,1
2020-09-25,Young and Beautiful,Lana Del Rey,1,1,1
2020-09-25,DUN DUN,Everglow,1,1,1
2020-09-25,peace,Taylor Swift,1,1,1
2020-09-25,Eyes Locked Hands Locked,Red Velvet,1,1,1
2020-09-25,Gone Days,Stray Kids,1,1,1
2020-09-25,Physical,Dua Lipa,1,1,1
2020-09-25,Wave,ATEEZ,1,1,1
2020-09-25,Swish Swish,Katy Perry,1,1,1
2020-09-25,STAY BY MY SIDE,TWICE,1,1,1
2020-09-25,About Love,Red Velvet,1,1,1
2020-09-25,this is me trying,Taylor Swift,1,1,1
2020-09-25,Starry Night,MAMAMOO,1,1,1
2020-09-25,Q&A,SEVENTEEN & Ailee,1,1,1
2020-09-25,일상 (Another Day),Stray Kids,1,1,1
2020-09-25,Wheels on the Bus,Melanie Martinez,1,1,1
2020-09-25,GO,NCT DREAM,1,1,1
2020-09-25,Pirate King,ATEEZ,1,1,1
2020-09-25,Top Gang,MCND,1,1,1
2020-09-25,神메뉴 (God's Menu),Stray Kids,1,1,1
2020-09-25,Lose You to Love Me,Selena Gomez,1,1,1
2020-09-25,Greased Lightnin',John Travolta,1,1,1
2020-09-25,세계가 불타버린 밤 우린... (Can't You See Me?),TXT,1,1,1
2020-09-25,Anaconda,Nicki Minaj,1,1,1
2020-09-25,덤디덤디 (DUMDi DUMDi),(여자)아이들,1,1,1
2020-09-25,illicit affairs,Taylor Swift,1,1,1
2020-09-25,청사진 (Blueprint),Stray Kids,1,1,1
2020-09-25,Kingdom Come,Red Velvet,1,1,1
2020-09-25,Freak,Little Mix,1,1,1
2020-09-25,To Heart,fromis_9,1,1,1
2020-09-25,거침없이 (Just do it),BSS (SEVENTEEN),1,1,1
2020-09-25,Illusion,ATEEZ,1,1,1
2020-09-25,If I'm Being Honest,dodie,1,1,1
2020-09-25,Macavity,Taylor Swift,1,1,1
2020-09-25,無限的我 (무한적아;Limitless),NCT 127,1,1,1
2020-09-25,BOSS,NCT U,1,1,1
2020-09-25,Save Me Save You,WJSN,1,1,1
2020-09-25,Double Knot,Stray Kids (스트레이 키즈),1,1,1
2020-09-25,blazed (feat. Pharrell Williams),Ariana Grande,1,1,1
2020-09-25,Orange Juice,Melanie Martinez,1,1,1
2020-09-25,What Makes You Beautiful,One Direction,1,1,1
2020-09-25,Applause,Lady Gaga,1,1,1
2020-09-25,the light is coming (feat. Nicki Minaj),Ariana Grande,1,1,1
2020-09-25,Fire Truck,NCT 127,1,1,1
2020-09-25,exile,Taylor Swift Bon Iver,1,1,1
2020-09-25,Milk and Cookies,Melanie Martinez,1,1,1
2020-09-25,So What,이달의 소녀 (Loona),1,1,1
2020-09-25,Not Shy,ITZY (있지),1,1,1
2020-09-25,9와 4분의 3 승강장에서 너를 기다려 (Run Away),TXT,1,1,1
2020-09-25,Take It Slow,Red Velvet,1,1,1
2020-09-25,Nurse's Office,Melanie Martinez,1,1,1
2020-09-25,Truth Hurts,Lizzo,1,1,1
2020-09-25,Intertwined,dodie,1,1,1
2020-09-25,Monster,dodie,1,1,1
2020-09-25,Candy,Red Velvet,1,1,1
2020-09-25,Beautiful Ghosts,Taylor Swift,1,1,1
2020-09-25,Cherry Bomb,NCT 127,1,1,1
2020-09-25,INCEPTION,ATEEZ (에이티즈),1,1,1
2020-09-25,Over the Sky,Dreamcatcher,1,1,1
2020-09-25,Reggaeton Lento (Remix),CNCO feat. Little Mix,1,1,1
2020-09-25,pete davidson,Ariana Grande,1,1,1
2020-09-25,Oh (Yes I Am),이달의 소녀 (Loona),1,1,1
2020-09-25,COME BACK HOME,2NE1,1,1,1
2020-09-25,Toxic,Britney Spears,1,1,1
2020-09-25,A Year Without Rain,Selena Gomez & the Scene,1,1,1
2020-09-25,Genie,Girls' Generation,1,1,1
2020-09-25,WANNABE,ITZY,1,1,1
2020-09-25,hoax,Taylor Swift,1,1,1
2020-09-25,Psycho,Red Velvet,1,1,1
2020-09-25,Vampire,IZ*ONE,1,1,1
2020-09-25,Love Is The Way,Red Velvet,1,1,1
2020-09-25,Your Gravity,UP10TION,1,1,1
2020-09-25,Regular (Korean ver.),NCT 127,1,1,1
2020-09-25,Naturally,Selena Gomez & the Scene,1,1,1
2020-09-25,Mr. E,Red Velvet,1,1,1
2020-09-25,넌 is 뭔들 (You`re the Best),MAMAMOO,1,1,1
2020-09-25,Down & Dirty,Little Mix,1,1,1
2020-09-25,gogobebe,MAMAMOO,1,1,1
2020-09-25,Uncover (Sung by SEULGI) (Bonus Track),Red Velvet - IRENE & SEULGI,1,1,1
2020-09-25,TOUCH,NCT 127,1,1,1
2020-09-25,The Beginning,Little Mix,1,1,1
2020-09-25,BRAND NEW GIRL,TWICE,1,1,1
2020-09-25,Catch Me If You Can,Girls' Generation,1,1,1
2020-09-25,R.E.M,Ariana Grande,1,1,1
2020-09-25,Attaboy,Red Velvet,1,1,1
2020-09-25,Hard Times,Paramore,1,1,1
2020-09-25,Haven,Stray Kids,1,1,1
2020-09-25,The Reason Why,TWICE,1,1,1
2020-09-25,Rare,Selena Gomez,1,1,1
2020-09-25,Stronger,TWICE,1,1,1
2020-09-25,Holiday,소녀시대,1,1,1
2020-09-25,텐데... (Timeless),NCT U,1,1,1
2020-09-25,LP,Red Velvet,1,1,1
2020-09-25,Sippy Cup,Melanie Martinez,1,1,1
2020-09-25,Still Into You,Paramore,1,1,1
2020-09-25,Rewrite the Stars,Zac Efron & Zendaya,1,1,1
2020-09-25,Day & Night (Hidden track),Loona,1,1,1
2020-09-25,Dance With the Devil,Katy Perry,1,1,1
2020-09-25,Mr. Potter,DIA,1,1,1
2020-09-25,Don't U Wait No More,Red Velvet,1,1,1
2020-09-25,Cool for the Summer,Demi Lovato,1,1,1
2020-09-25,Look,Red Velvet,1,1,1
2020-09-25,goodnight n go,Ariana Grande,1,1,1
2020-09-25,Some Love,Red Velvet,1,1,1
2020-09-25,Carpool,Red Velvet,1,1,1
2020-09-25,Happy,WJSN,1,1,1
2020-09-25,어쩌나 (Oh My!),Seventeen,1,1,1
2020-09-25,LION,(G)I-DLE,1,1,1
2020-09-25,Astronaut,Stray Kids (스트레이 키즈),1,1,1
2020-09-25,We Go Together,John Travolta & Olivia Newton-John,1,1,1
2020-09-25,Answer,ATEEZ,1,1,1
2020-09-25,舞い落ちる花びら（Fallin' Flower）,Seventeen,1,1,1
2020-09-25,I Just,Red Velvet,2,1,2
2020-09-25,WONDERLAND,ATEEZ,1,1,1
2020-09-25,웃음꽃 (Smiling Flower),Seventeen,1,1,1
2020-09-25,Psycho ft. Nicki Minaj (Reloaded),Red Velvet,1,1,1
2020-09-25,REVEAL,THE BOYZ,1,1,1
2020-09-25,I’m Your Boy,THE BOYZ,1,1,1
2020-09-25,Sayonara,Red Velvet,1,1,1
2020-09-25,Bounce Back,Little Mix,1,1,1
2020-09-25,Grown,Little Mix,1,1,1
2020-09-25,Only The Young (Featured in Miss Americana),Taylor Swift,1,1,1
2020-09-25,Blue Jeans,Lana Del Rey,1,1,1
2020-09-25,La Rouge,Red Velvet,1,1,1
2020-09-25,raindrops (an angel cried),Ariana Grande,1,1,1
2020-09-25,Detention,Melanie Martinez,1,1,1
2020-09-25,Twilight,ONEUS,1,1,1
2020-09-25,Recess,Melanie Martinez,1,1,1
2020-09-25,Booster,Stray Kids (스트레이 키즈),1,1,1
2020-09-25,You Can STAY,Stray Kids (스트레이 키즈),1,1,1
2020-09-25,Pink Lemonade,TWICE,1,1,1
2020-09-25,Physical (feat. Hwa Sa),Dua Lipa,1,1,1
2020-09-25,no tears left to cry,Ariana Grande,1,1,1
2020-09-25,BOOM,NCT DREAM,1,1,1
2020-09-25,party tattoos,dodie,1,1,1
2020-09-25,Ain't Your Mama,Jennifer Lopez,1,1,1
2020-09-25,Bad Liar,Selena Gomez,1,1,1
2020-09-25,Jumpin’,Red Velvet,1,1,1
2020-09-25,사랑쪽지 (Love Letter),Seventeen,1,1,1
2020-09-25,Knock(널 찾아가),Astro,1,1,1
2020-09-25,6/10,dodie,1,1,1
2020-09-25,cardigan,Taylor Swift,1,1,1
2020-09-25,First Time,Red Velvet,1,1,1
2020-09-25,Mojito,Red Velvet,1,1,1
2020-09-25,Hallucinate,Dua Lipa,1,1,1
2020-09-25,Lady's Room,Red Velvet,1,1,1
2020-09-25,Secret Love Song: Part II,Little Mix,1,1,1
2020-09-25,OMG,Little Mix,1,1,1
2020-09-25,my tears ricochet,Taylor Swift,1,1,1
2020-09-25,Really Don't Care (feat. Cher Lloyd),Demi Lovato,1,1,1
2020-09-25,This Is Me,Keala Settle & The Greatest Showman Ensemble,1,1,1
2020-09-25,the lakes (bonus track),Taylor Swift,1,1,1
2020-09-25,Sunny Afternoon,Red Velvet,1,1,1
2020-09-25,Pacifying Doll Party - Cesium '23 Odd Group,Melanie Martinez,1,1,1
2020-09-25,A Million Dreams,Ziv Zaifman Hugh Jackman & Michelle Williams,1,1,1
2020-09-25,Guiltless,dodie,1,1,1
2020-09-25,better off,Ariana Grande,1,1,1
2020-09-25,My Universe (승민 & 아이엔 Feat. 창빈),Stray Kids (스트레이 키즈),1,1,1
2020-09-25,Rebirth,Red Velvet,1,1,1
2020-09-25,Fake & True,TWICE,1,1,1
2020-09-25,Rain On Me,Lady Gaga/Ariana Grande,1,1,1
2020-09-25,GO生 (GO LIVE),Stray Kids,1,1,1
2020-09-25,옥탑방 (Rooftop),N.Flying,1,1,1
2020-09-25,21:29,TWICE,1,1,1
2020-09-25,Work B**ch,Britney Spears,1,1,1
2020-09-25,...Baby One More Time,Britney Spears,1,1,1
2020-09-25,MAKE ME GO,TWICE,1,1,1
2020-09-25,Home,Seventeen,1,1,1
2020-09-25,Phobia,Stray Kids,1,1,1
2020-09-25,Look at Her Now,Selena Gomez,1,1,1
2020-09-25,Womanizer,Britney Spears,1,1,1
2020-09-25,If U Seek Amy,Britney Spears,1,1,1
2020-09-25,Pacify Her,Melanie Martinez,1,1,1
2020-09-25,SWING,TWICE,1,1,1
2020-09-25,No Promises (feat. Demi Lovato),Cheat Codes,1,1,1
2020-09-25,Word Up!,Little Mix,1,1,1
2020-09-25,Human (feat. Tom Walker),dodie,1,1,1
2020-09-25,Scared To Be Lonely,Martin Garrix Dua Lipa,1,1,1
2020-09-25,숨이 차 (Getting Closer),Seventeen,1,1,1
2020-09-25,Heart Attack,Demi Lovato,1,1,1
2020-09-25,Punch,NCT 127,1,1,1
2020-09-25,Pool,Paramore,1,1,1
2020-09-25,You're the One That I Want,John Travolta & Olivia Newton-John,1,1,1
2020-09-25,Lucky Girl,Red Velvet,1,1,1
2020-09-25,A Little Party Never Killed Nobody (All We Got),Fergie Q-Tip & GoonRock,1,1,1
2020-09-25,Butterfly,WJSN (Cosmic Girls),1,1,1
2020-09-25,I'm Every Woman,Taylor Swift,1,1,1
2020-09-25,New Rules,Dua Lipa,1,1,1
2020-09-25,Christmas Tree Farm,Taylor Swift,1,1,1
2020-09-25,Magnolia,Too,1,1,1
2020-09-25,Sunshine,Stray Kids (스트레이 키즈),1,1,1
2020-09-25,Blue Lemonade,Red Velvet,1,1,1
2020-09-25,타 (TA),Stray Kids,1,1,1
2020-09-25,Never Enough,Loren Allred,1,1,1
2020-09-25,시간이 안 지나가 (Walkin` In Time),THE BOYZ,1,1,1
2020-09-25,Pacemaker,Stray Kids,1,1,1
2020-09-25,Oh Boy,Red Velvet,1,1,1
2020-09-25,Stupid Hoe,Nicki Minaj,1,1,1
2020-09-25,One Of These Nights (Piano Version),Red Velvet,1,1,1
2020-09-25,borderline (feat. Missy Elliott),Ariana Grande,1,1,1
2020-09-25,Highway To Heaven,NCT 127,1,1,1
2020-09-25,감싸줄게요 (Hug U),DIA,1,1,1
2020-09-25,Talk to Me,Red Velvet,1,1,1
2020-09-25,STOP,Stray Kids (스트레이 키즈),1,1,1
2020-09-25,HOT SUMMER NIGHTS,OH MY GIRL,1,1,1
2020-09-25,Moonlight Melody,Red Velvet,1,1,1
2020-09-25,Summer Nights,John Travolta & Olivia Newton-John,1,1,1
2020-09-25,Milky Way,Red Velvet (레드벨벳),1,1,1
2020-09-25,힐링 (Healing),Seventeen,1,1,1
2020-09-25,Secret,WJSN,1,1,1
2020-09-25,august,Taylor Swift,1,1,1
2020-09-25,365,이달의 소녀 (Loona),1,1,1
2020-09-25,Oh! my mistake,April,1,1,1
2020-09-25,Pound the Alarm,Nicki Minaj,1,1,1
2020-09-25,MoMoMo,WJSN,1,1,1
2020-09-25,the 1,Taylor Swift,1,1,1
2020-09-25,seven,Taylor Swift,1,1,1
2020-09-25,Tell Me You Love Me,Demi Lovato,1,1,1
2020-09-25,CANDYLAND,UP10TION,1,1,1
2020-09-25,Dance Again (feat. Pitbull),Jennifer Lopez,1,1,1
2020-09-25,Va Va Voom,Nicki Minaj,1,1,1
2020-09-25,Sassy Me,Red Velvet,1,1,1
2020-09-25,Kiss and Make Up,Dua Lipa BLACKPINK,1,1,1
2020-09-25,Energetic,Wanna One,1,1,1
2020-09-25,That's What You Get,Paramore,1,1,1
2020-09-25,SHADOW,TWICE,1,1,1
2020-09-25,Hotter Than Hell,Dua Lipa,1,1,1
2020-09-25,Wind Flower,MAMAMOO,1,1,1
2020-09-25,Class Fight,Melanie Martinez,1,1,1
2020-09-25,교차로 (Crossroads),GFRIEND,1,1,1
2020-09-25,Feel Good,Red Velvet - IRENE & SEULGI,1,1,1
2020-09-25,Love Me or Leave Me,Little Mix,1,1,1
2020-09-25,Time to Love,Red Velvet,1,1,1
2020-09-25,Light Me Up,Red Velvet,1,1,1
2020-09-25,Body Talk,Red Velvet,1,1,1
2020-09-25,B Me,Stray Kids (스트레이 키즈),1,1,1
2020-09-25,Play Date,Melanie Martinez,1,1,1
2020-09-25,Black on Black,NCT 2018,1,1,1
2020-09-25,LUV ME,TWICE,1,1,1
2020-09-25,We Go Up,NCT DREAM,1,1,1
2020-09-25,Starships,Nicki Minaj,1,1,1
2020-09-25,everytime,Ariana Grande,1,1,1
2020-09-25,Baby,Astro,1,1,1
2020-09-25,A Song Written Easily,ONEUS,1,1,1
2020-09-25,Oh!,Girls' Generation,1,1,1
2020-09-25,For a Pessimist I'm Pretty Optimistic,Paramore,1,1,1
2020-09-25,NONSTOP,OH MY GIRL,1,1,1
2020-09-25,Nothing Else Matters,Little Mix,1,1,1
2020-09-25,Boyfriend,Selena Gomez,1,1,1
2020-09-25,Stay Tonight,CHUNG HA,1,1,1
2020-09-25,TRICK IT,TWICE,1,1,1
2020-09-25,Tell Me Something I Don't Know,Selena Gomez & the Scene,1,1,1
2020-09-25,Monster,Red Velvet - IRENE & SEULGI,1,1,1
2020-09-25,get well soon,Ariana Grande,1,1,1
2020-09-25,Cups (Pitch Perfect's “When I’m Gone”) [Pop Version],Anna Kendrick,1,1,1
2020-09-25,Perfect 10,Red Velvet,1,1,1
2020-09-25,FIREWORK,TWICE,1,1,1
2020-09-25,Zombie,DAY6,1,1,1
2020-09-25,Feel Good (SECRET CODE),프로미스나인,1,1,1
2020-09-25,Snap Shoot,Seventeen,1,1,1
2020-09-25,Switch (feat. SR15B),NCT 127,1,1,1
2020-09-25,BIRTHDAY,전소미 (SOMI),1,1,1
2020-09-25,Don’t Need Your Love,NCT DREAM HRVY,1,1,1
2020-09-25,Jopping,SuperM,1,1,1
2020-09-25,Back Door,Stray Kids (스트레이 키즈),1,1,1
2020-10-02,How You Like That,BLACKPINK,1,1,1
2020-10-02,POLISH,TWICE,1,1,1
2020-10-02,Be OK,TWICE,1,1,1
2020-10-02,What You Waiting For,TWICE,1,1,1
2020-10-02,Stronger,TWICE,1,1,1
2020-10-02,Fake & True,TWICE,1,1,1
2020-10-02,21:29,TWICE,1,1,1
2020-10-02,LOVE FOOLISH,TWICE,1,1,1
2020-10-02,TRICK IT,TWICE,1,1,1
2020-10-02,Feel Special,TWICE,1,1,1
2020-10-02,HAPPY HAPPY,TWICE,1,1,1
2020-10-02,Breakthrough,TWICE,1,1,1
2020-10-02,STRAWBERRY,TWICE (트와이스),1,1,1
2020-10-02,TURN IT UP,TWICE (트와이스),1,1,1
2020-10-02,HOT,TWICE (트와이스),1,1,1
2020-10-02,GIRLS LIKE US,TWICE (트와이스),1,1,1
2020-10-02,STUCK IN MY HEAD,TWICE (트와이스),1,1,1
2020-10-02,FANCY,TWICE (트와이스),1,1,1
2020-10-02,STAY BY MY SIDE,TWICE,1,1,1
2020-10-02,올해 제일 잘한 일,TWICE (트와이스),1,1,1
2020-10-02,AFTER MOON,TWICE (트와이스),1,1,1
2020-10-02,SUNSET,TWICE (트와이스),1,1,1
2020-10-02,YOUNG & WILD,TWICE (트와이스),1,1,1
2020-10-02,LALALA,TWICE (트와이스),1,1,1
2020-10-02,SAY YOU LOVE ME,TWICE (트와이스),1,1,1
2020-10-02,YES OR YES,TWICE (트와이스),1,1,1
2020-10-02,BE AS ONE,TWICE,1,1,1
2020-10-02,SAY IT AGAIN,TWICE,1,1,1
2020-10-02,WISHING,TWICE,1,1,1
2020-10-02,L.O.V.E,TWICE,1,1,1
2020-10-02,BDZ,TWICE,1,1,1
2020-10-02,Shot thru the heart,TWICE (트와이스),1,1,1
2020-10-02,CHILLAX,TWICE (트와이스),1,1,1
2020-10-02,Dance The Night Away,TWICE (트와이스),1,1,1
2020-10-02,I WANT YOU BACK,TWICE,1,1,1
2020-10-02,Pink Lemonade,TWICE,1,1,1
2020-10-02,WAKE ME UP,TWICE (트와이스),1,1,1
2020-10-02,HO!,TWICE (트와이스),1,1,1
2020-10-02,SWEET TALKER,TWICE (트와이스),1,1,1
2020-10-02,What is Love?,TWICE (트와이스),1,1,1
2020-10-02,BRAND NEW GIRL,TWICE,1,1,1
2020-10-02,CANDY POP,TWICE (트와이스),1,1,1
2020-10-02,Merry & Happy,TWICE (트와이스),1,1,1
2020-10-02,Heart Shaker,TWICE (트와이스),1,1,1
2020-10-02,잘자요 굿나잇,TWICE (트와이스),1,1,1
2020-10-02,널 내게 담아,TWICE (트와이스),1,1,1
2020-10-02,힘내! (DON`T GIVE UP),TWICE (트와이스),1,1,1
2020-10-02,LOVE LINE,TWICE (트와이스),1,1,1
2020-10-02,ROLLIN`,TWICE (트와이스),1,1,1
2020-10-02,날 바라바라봐,TWICE (트와이스),1,1,1
2020-10-02,24/7,TWICE (트와이스),1,1,1
2020-10-02,DING DONG,TWICE (트와이스),1,1,1
2020-10-02,FFW,TWICE (트와이스),1,1,1
2020-10-02,WOW,TWICE (트와이스),1,1,1
2020-10-02,MISSING U,TWICE (트와이스),1,1,1
2020-10-02,거북이,TWICE (트와이스),1,1,1
2020-10-02,LIKEY,TWICE (트와이스),1,1,1
2020-10-02,LUV ME,TWICE,1,1,1
2020-10-02,One More Time,TWICE (트와이스),1,1,1
2020-10-02,KNOCK KNOCK (Japanese Ver.),TWICE (트와이스),1,1,1
2020-10-02,TT (Japanese Ver.),TWICE (트와이스),1,1,1
2020-10-02,CHEER UP (Japanese Ver.),TWICE (트와이스),1,1,1
2020-10-02,Like OOH-AHH (Japanese Ver.),TWICE (트와이스),1,1,1
2020-10-02,SOMEONE LIKE ME,TWICE (트와이스),1,1,1
2020-10-02,EYE EYE EYES,TWICE (트와이스),1,1,1
2020-10-02,HOLD ME TIGHT,TWICE (트와이스),1,1,1
2020-10-02,Only 너 Only You,TWICE (트와이스),1,1,1
2020-10-02,하루에 세번 THREE TIMES A DAY,TWICE (트와이스),1,1,1
2020-10-02,SIGNAL,TWICE (트와이스),1,1,1
2020-10-02,녹아요 Ice Cream,TWICE (트와이스),1,1,1
2020-10-02,KNOCK KNOCK,TWICE (트와이스),1,1,1
2020-10-02,ONE IN A MILLION,TWICE (트와이스),1,1,1
2020-10-02,NEXT PAGE,TWICE (트와이스),1,1,1
2020-10-02,PIT-A-PAT,TWICE (트와이스),1,1,1
2020-10-02,JELLY JELLY,TWICE (트와이스),1,1,1
2020-10-02,PONYTAIL,TWICE (트와이스),1,1,1
2020-10-02,1 TO 10,TWICE (트와이스),1,1,1
2020-10-02,TT,TWICE (트와이스),1,1,1
2020-10-02,I'm gonna be a star,TWICE (트와이스),1,1,1
2020-10-02,Headphone 써,TWICE (트와이스),1,1,1
2020-10-02,Woohoo,TWICE (트와이스),1,1,1
2020-10-02,툭하면 톡 Tuk Tok,TWICE (트와이스),1,1,1
2020-10-02,Touchdown,TWICE (트와이스),1,1,1
2020-10-02,소중한 사랑 Precious Love,TWICE (트와이스),1,1,1
2020-10-02,CHEER UP,TWICE (트와이스),1,1,1
2020-10-02,Like a Fool,TWICE (트와이스),1,1,1
2020-10-02,Candy Boy,TWICE (트와이스),1,1,1
2020-10-02,Truth,TWICE (트와이스),1,1,1
2020-10-02,미쳤나봐,TWICE (트와이스),1,1,1
2020-10-02,다시 해줘,TWICE (트와이스),1,1,1
2020-10-02,OOH-AHH하게,TWICE (트와이스),1,1,1
2020-10-02,All Too Well,Taylor Swift,2,2,1
2020-10-02,Death by a Thousand Cuts,Taylor Swift,2,2,1
2020-10-02,my tears ricochet,Taylor Swift,2,2,1
2020-10-02,the lakes (bonus track),Taylor Swift,1,1,1
2020-10-02,hoax,Taylor Swift,1,1,1
2020-10-02,peace,Taylor Swift,1,1,1
2020-10-02,betty,Taylor Swift,1,1,1
2020-10-02,epiphany,Taylor Swift,1,1,1
2020-10-02,mad woman,Taylor Swift,1,1,1
2020-10-02,invisible string,Taylor Swift,1,1,1
2020-10-02,illicit affairs,Taylor Swift,1,1,1
2020-10-02,this is me trying,Taylor Swift,1,1,1
2020-10-02,august,Taylor Swift,1,1,1
2020-10-02,seven,Taylor Swift,1,1,1
2020-10-02,mirrorball,Taylor Swift,1,1,1
2020-10-02,exile,Taylor Swift Bon Iver,1,1,1
2020-10-02,Macavity,Taylor Swift,1,1,1
2020-10-02,Christmas Tree Farm,Taylor Swift,1,1,1
2020-10-02,Daylight,Taylor Swift,1,1,1
2020-10-02,It's Nice to Have a Friend,Taylor Swift,1,1,1
2020-10-02,ME! (feat. Brendon Urie of Panic! at the Disco),Taylor Swift,1,1,1
2020-10-02,Afterglow,Taylor Swift,1,1,1
2020-10-02,You Need to Calm Down,Taylor Swift,1,1,1
2020-10-02,False God,Taylor Swift,1,1,1
2020-10-02,Soon You'll Get Better (feat. Dixie Chicks),Taylor Swift,1,1,1
2020-10-02,London Boy,Taylor Swift,1,1,1
2020-10-02,Cornelia Street,Taylor Swift,1,1,1
2020-10-02,Paper Rings,Taylor Swift,1,1,1
2020-10-02,Miss Americana & the Heartbreak Prince,Taylor Swift,1,1,1
2020-10-02,I Think He Knows,Taylor Swift,1,1,1
2020-10-02,The Archer,Taylor Swift,1,1,1
2020-10-02,The Man,Taylor Swift,1,1,1
2020-10-02,Lover,Taylor Swift,1,1,1
2020-10-02,Cruel Summer,Taylor Swift,1,1,1
2020-10-02,I Forgot That You Existed,Taylor Swift,1,1,1
2020-10-02,Babe (feat. Taylor Swift),Sugarland,1,1,1
2020-10-02,New Year’s Day,Taylor Swift,1,1,1
2020-10-02,Call It What You Want,Taylor Swift,1,1,1
2020-10-02,This Is Why We Can’t Have Nice Things,Taylor Swift,1,1,1
2020-10-02,Dress,Taylor Swift,1,1,1
2020-10-02,Dancing With Our Hands Tied,Taylor Swift,1,1,1
2020-10-02,King of My Heart,Taylor Swift,1,1,1
2020-10-02,Getaway Car,Taylor Swift,1,1,1
2020-10-02,Gorgeous,Taylor Swift,1,1,1
2020-10-02,So It Goes...,Taylor Swift,1,1,1
2020-10-02,Look What You Made Me Do,Taylor Swift,1,1,1
2020-10-02,Delicate,Taylor Swift,1,1,1
2020-10-02,Don’t Blame Me,Taylor Swift,1,1,1
2020-10-02,I Did Something Bad,Taylor Swift,1,1,1
2020-10-02,End Game (feat. Ed Sheeran & Future),Taylor Swift,1,1,1
2020-10-02,...Ready for It?,Taylor Swift,1,1,1
2020-10-02,I Don’t Wanna Live Forever (Fifty Shades Darker),ZAYN & Taylor Swift,1,1,1
2020-10-02,New Romantics,Taylor Swift,1,1,1
2020-10-02,You Are in Love,Taylor Swift,1,1,1
2020-10-02,Wonderland,Taylor Swift,1,1,1
2020-10-02,Clean,Taylor Swift,1,1,1
2020-10-02,I Know Places,Taylor Swift,1,1,1
2020-10-02,This Love,Taylor Swift,1,1,1
2020-10-02,How You Get the Girl,Taylor Swift,1,1,1
2020-10-02,Wildest Dreams,Taylor Swift,1,1,1
2020-10-02,Bad Blood (feat. Kendrick Lamar),Taylor Swift,1,1,1
2020-10-02,Bad Blood,Taylor Swift,1,1,1
2020-10-02,I Wish You Would,Taylor Swift,1,1,1
2020-10-02,Shake It Off,Taylor Swift,1,1,1
2020-10-02,All You Had to Do Was Stay,Taylor Swift,1,1,1
2020-10-02,Out of the Woods,Taylor Swift,1,1,1
2020-10-02,Style,Taylor Swift,1,1,1
2020-10-02,Blank Space,Taylor Swift,1,1,1
2020-10-02,Welcome to New York,Taylor Swift,1,1,1
2020-10-02,Begin Again,Taylor Swift,1,1,1
2020-10-02,Starlight,Taylor Swift,1,1,1
2020-10-02,Everything Has Changed (Feat.Ed Sheeran),Taylor Swift,1,1,1
2020-10-02,The Lucky One,Taylor Swift,1,1,1
2020-10-02,Sad Beautiful Tragic,Taylor Swift,1,1,1
2020-10-02,Holy Ground,Taylor Swift,1,1,1
2020-10-02,The Last Time (Feat.Gary Lightbody of Snow Patrol),Taylor Swift,1,1,1
2020-10-02,Stay Stay Stay,Taylor Swift,1,1,1
2020-10-02,We Are Never Ever Getting Back Together,Taylor Swift,1,1,1
2020-10-02,I Almost Do,Taylor Swift,1,1,1
2020-10-02,22,Taylor Swift,1,1,1
2020-10-02,I Knew You Were Trouble.,Taylor Swift,1,1,1
2020-10-02,Treacherous,Taylor Swift,1,1,1
2020-10-02,Red,Taylor Swift,1,1,1
2020-10-02,State of Grace,Taylor Swift,1,1,1
2020-10-02,Both Of Us (Feat.Taylor Swift),Taylor Swift & B.O.B,1,1,1
2020-10-02,Haunted (Acoustic Version),Taylor Swift,1,1,1
2020-10-02,Back to December (Acoustic Version),Taylor Swift,1,1,1
2020-10-02,Long Live,Taylor Swift,1,1,1
2020-10-02,Last Kiss,Taylor Swift,1,1,1
2020-10-02,Haunted,Taylor Swift,1,1,1
2020-10-02,Innocent,Taylor Swift,1,1,1
2020-10-02,Better Than Revenge,Taylor Swift,1,1,1
2020-10-02,Enchanted,Taylor Swift,1,1,1
2020-10-02,Never Grow Up,Taylor Swift,1,1,1
2020-10-02,The Story of Us,Taylor Swift,1,1,1
2020-10-02,Mean,Taylor Swift,1,1,1
2020-10-02,Dear John,Taylor Swift,1,1,1
2020-10-02,Speak Now,Taylor Swift,1,1,1
2020-10-02,Back to December,Taylor Swift,1,1,1
2020-10-02,Sparks Fly,Taylor Swift,1,1,1
2020-10-02,Mine,Taylor Swift,1,1,1
2020-10-02,Two Is Better Than One (Feat.Taylor Swift),Taylor Swift,1,1,1
2020-10-02,I Heart ?,Taylor Swift,1,1,1
2020-10-02,Beautiful Eyes,Taylor Swift,1,1,1
2020-10-02,White Christmas,Taylor Swift,1,1,1
2020-10-02,Christmas Must Be Something More,Taylor Swift,1,1,1
2020-10-02,Silent Night,Taylor Swift,1,1,1
2020-10-02,Santa Baby,Taylor Swift,1,1,1
2020-10-02,Christmases When You Were Mine,Taylor Swift,1,1,1
2020-10-02,Last Christmas,Taylor Swift,1,1,1
2020-10-02,Change,Taylor Swift,1,1,1
2020-10-02,The Best Day,Taylor Swift,1,1,1
2020-10-02,Forever & Always,Taylor Swift,1,1,1
2020-10-02,The Way I Loved You,Taylor Swift,1,1,1
2020-10-02,You're Not Sorry,Taylor Swift,1,1,1
2020-10-02,Tell Me Why,Taylor Swift,1,1,1
2020-10-02,Breathe (feat. Colbie Caillat),Taylor Swift,1,1,1
2020-10-02,You Belong with Me,Taylor Swift,1,1,1
2020-10-02,White Horse,Taylor Swift,1,1,1
2020-10-02,Hey Stephen,Taylor Swift,1,1,1
2020-10-02,Love Story,Taylor Swift,1,1,1
2020-10-02,Fifteen,Taylor Swift,1,1,1
2020-10-02,Fearless,Taylor Swift,1,1,1
2020-10-02,The Other Side of the Door,Taylor Swift,1,1,1
2020-10-02,SuperStar,Taylor Swift,1,1,1
2020-10-02,Come in with the Rain,Taylor Swift,1,1,1
2020-10-02,Forever & Always (Piano Version),Taylor Swift,1,1,1
2020-10-02,Untouchable,Taylor Swift,1,1,1
2020-10-02,Jump Then Fall,Taylor Swift,1,1,1
2020-10-02,Crazier (Alt demo),Taylor Swift,1,1,1
2020-10-02,Teardrops on My Guitar (Pop Version),Taylor Swift,1,1,1
2020-10-02,A Perfectly Good Heart,Taylor Swift,1,1,1
2020-10-02,Invisible,Taylor Swift,1,1,1
2020-10-02,I'm Only Me When I'm with You,Taylor Swift,1,1,1
2020-10-02,Our Song,Taylor Swift,1,1,1
2020-10-02,Mary's Song (Oh My My My),Taylor Swift,1,1,1
2020-10-02,Should've Said No,Taylor Swift,1,1,1
2020-10-02,Stay Beautiful,Taylor Swift,1,1,1
2020-10-02,Tied Together with a Smile,Taylor Swift,1,1,1
2020-10-02,The Outside,Taylor Swift,1,1,1
2020-10-02,Cold as You,Taylor Swift,1,1,1
2020-10-02,A Place in This World,Taylor Swift,1,1,1
2020-10-02,Teardrops On My Guitar (Radio Single Remix),Taylor Swift,1,1,1
2020-10-02,Picture to Burn,Taylor Swift,1,1,1
2020-10-02,Tim McGraw,Taylor Swift,1,1,1
2020-10-09,Day & Night (Hidden track),Loona,1,1,1
2020-10-09,땡땡땡 (Ding Ding Dong),이달의 소녀 (Loona),1,1,1
2020-10-09,Oh (Yes I Am),이달의 소녀 (Loona),1,1,1
2020-10-09,Number 1,이달의 소녀 (Loona),1,1,1
2020-10-09,So What,이달의 소녀 (Loona),1,1,1
2020-10-09,#,이달의 소녀 (Loona),1,1,1
2020-10-09,365,LOONA (이달의 소녀),1,1,1
2020-10-09,Where you at,이달의 소녀 (Loona),1,1,1
2020-10-09,색깔(Colors),이달의 소녀 (Loona),1,1,1
2020-10-09,Curiosity,이달의 소녀 (Loona),1,1,1
2020-10-09,위성(Satellite),이달의 소녀 (Loona),1,1,1
2020-10-09,Butterfly,이달의 소녀 (Loona),1,1,1
2020-10-09,X X,이달의 소녀 (Loona),1,1,1
2020-10-09,Stylish,LOOΠΔ,1,1,1
2020-10-09,Perfect Love,LOOΠΔ,1,1,1
2020-10-09,열기,LOOΠΔ,1,1,1
2020-10-09,Hi High,LOOΠΔ,1,1,1
2020-10-09,frozen,LOOΠΔ / yyxy,1,1,1
2020-10-09,love4eva (Feat. Grimes),이달의 소녀 yyxy (LOONA/yyxy),1,1,1
2020-10-09,dal segno,이달의 소녀 yyxy (LOONA/yyxy),1,1,1
2020-10-09,Rosy (Go Won & Olivia Hye) [feat. HeeJin],LOOΠΔ,1,1,1
2020-10-09,Egoist (Olivia Hye) [feat. JinSoul],LOOΠΔ,1,1,1
2020-10-09,See Saw (Chuu Go Won) [feat. Kim Lip],LOOΠΔ,1,1,1
2020-10-09,One & Only (고원),이달의 소녀 (Loona),1,1,1
2020-10-09,Girl's Talk (Yves Chuu),LOOΠΔ,1,1,1
2020-10-09,Heart Attack (Chuu),LOOΠΔ,1,1,1
2020-10-09,The Carol 2.0 (Vivi Choerry Yves),LOOΠΔ,1,1,1
2020-10-09,D-1,LOOΠΔ,1,1,1
2020-10-09,new (이브),이달의 소녀 (LOONA/Yves),1,1,1
2020-10-09,Starlight,이달의 소녀 오드아이써클 (LOONA/ODD EYE CIRCLE),1,1,1
2020-10-09,Chaotic,이달의 소녀 오드아이써클 (LOONA/ODD EYE CIRCLE),1,1,1
2020-10-09,LOONATIC,이달의 소녀 오드아이써클 (LOONA/ODD EYE CIRCLE),1,1,1
2020-10-09,Uncover,이달의 소녀 오드아이써클 (LOONA/ODD EYE CIRCLE),1,1,1
2020-10-09,Sweet Crazy Love,이달의 소녀 오드아이써클 (LOONA/ODD EYE CIRCLE),1,1,1
2020-10-09,ODD Front,LOOΠΔ / ODD EYE CIRCLE,1,1,1
2020-10-09,ADD,LOOΠΔ / ODD EYE CIRCLE,1,1,1
2020-10-09,Loonatic (Eng Ver.),LOOΠΔ / ODD EYE CIRCLE,1,1,1
2020-10-09,Girl Front,LOOΠΔ / ODD EYE CIRCLE,1,1,1
2020-10-09,ODD,LOOΠΔ / ODD EYE CIRCLE,1,1,1
2020-10-09,Puzzle,LOOΠΔ,1,1,1
2020-10-09,Love Cherry Motion,LOOΠΔ,1,1,1
2020-10-09,Love Letter,LOOΠΔ,1,1,1
2020-10-09,Singing in the Rain,LOOΠΔ,1,1,1
2020-10-09,Twilight (Prod. by Cha Cha Malone) (김립),이달의 소녀 (Loona),1,1,1
2020-10-09,Eclipse (Prod. by Daniel Obi Klein) (김립),이달의 소녀 (Loona),1,1,1
2020-10-09,Everyday I Need You (Feat. JinSoul),LOOΠΔ,1,1,1
2020-10-09,Everyday I Love You (Feat. HaSeul),LOOΠΔ,1,1,1
2020-10-09,3월을 기다려 (Valentine Girl),이달의 소녀 1/3 (LOONA 1/3),1,1,1
2020-10-09,비의 목소리 51db (Rain 51db),이달의 소녀 1/3 (LOONA 1/3),1,1,1
2020-10-09,알 수 없는 비밀 (Sonatine),이달의 소녀 1/3 (LOONA 1/3),1,1,1
2020-10-09,Love & Evil,LOOΠΔ 1/3,1,1,1
2020-10-09,Fairy Tale,LOOΠΔ 1/3,1,1,1
2020-10-09,You and Me Together,LOOΠΔ 1/3,1,1,1
2020-10-09,지금 좋아해 (Love & Live),이달의 소녀 1/3 (LOONA 1/3),1,1,1
2020-10-09,Into the New Heart (Guitar by JungMo),LOOΠΔ 1/3,1,1,1
2020-10-09,My Melody,LOOΠΔ,1,1,1
2020-10-09,My Sunday,LOOΠΔ,1,1,1
2020-10-09,Kiss Later,LOOΠΔ,1,1,1
2020-10-09,The Carol,LOOΠΔ,1,1,1
2020-10-09,Let Me In,LOOΠΔ,1,1,1
2020-10-09,I’ll be There,LOOΠΔ,1,1,1
2020-10-09,Around You,LOOΠΔ,1,1,1
2020-10-09,ViViD (Acoustic Version),LOOΠΔ,1,1,1
2020-10-09,ViViD,LOOΠΔ,1,1,1
2020-10-09,Milky Way,Red Velvet (레드벨벳),1,1,1
2020-10-09,Uncover (Sung by SEULGI) (Bonus Track),Red Velvet - IRENE & SEULGI,1,1,1
2020-10-09,Jelly,Red Velvet - IRENE & SEULGI,1,1,1
2020-10-09,Feel Good,Red Velvet - IRENE & SEULGI,1,1,1
2020-10-09,Diamond,Red Velvet - IRENE & SEULGI,1,1,1
2020-10-09,놀이 (Naughty),레드벨벳-아이린 & 슬기,1,1,1
2020-10-09,Monster,Red Velvet - IRENE & SEULGI,1,1,1
2020-10-09,La Rouge,Red Velvet,1,1,1
2020-10-09,Remember Forever,Red Velvet,1,1,1
2020-10-09,In & Out,Red Velvet,1,1,1
2020-10-09,Psycho,Red Velvet,1,1,1
2020-10-09,Eyes Locked Hands Locked,Red Velvet,1,1,1
2020-10-09,Ladies Night,Red Velvet,1,1,1
2020-10-09,Jumpin’,Red Velvet,1,1,1
2020-10-09,Love Is The Way,Red Velvet,1,1,1
2020-10-09,Carpool,Red Velvet,1,1,1
2020-10-09,음파음파 (Umpah Umpah),Red Velvet,1,1,1
2020-10-09,LP,Red Velvet,1,1,1
2020-10-09,Parade,Red Velvet,1,1,1
2020-10-09,Bing Bing,Red Velvet,1,1,1
2020-10-09,Milkshake,Red Velvet (레드벨벳),1,1,1
2020-10-09,Sunny Side Up!,Red Velvet (레드벨벳),1,1,1
2020-10-09,짐살라빔 (Zimzalabim),Red Velvet (레드벨벳),1,1,1
2020-10-09,Sayonara,Red Velvet,1,1,1
2020-10-09,Swimming Pool,Red Velvet,1,1,1
2020-10-09,SAPPY,Red Velvet,1,1,1
2020-10-09,Taste,Red Velvet,1,1,1
2020-10-09,Sassy Me,Red Velvet,1,1,1
2020-10-09,So Good,Red Velvet,1,1,1
2020-10-09,Butterflies,Red Velvet,1,1,1
2020-10-09,RBB (Really Bad Boy),Red Velvet,1,1,1
2020-10-09,Blue Lemonade,Red Velvet,1,1,1
2020-10-09,Hit That Drum,Red Velvet,1,1,1
2020-10-09,Mosquito,Red Velvet,1,1,1
2020-10-09,Mr. E,Red Velvet,1,1,1
2020-10-09,With You,Red Velvet,1,1,1
2020-10-09,Power Up,Red Velvet (레드벨벳),1,1,1
2020-10-09,’Cause It’s You,Red Velvet (레드벨벳),1,1,1
2020-10-09,Aitai-tai,Red Velvet (레드벨벳),1,1,1
2020-10-09,#Cookie Jar,Red Velvet (레드벨벳),1,1,1
2020-10-09,Moonlight Melody,Red Velvet,1,1,1
2020-10-09,About Love,Red Velvet,1,1,1
2020-10-09,Perfect 10,Red Velvet,1,1,1
2020-10-09,Attaboy,Red Velvet,1,1,1
2020-10-09,My Second Date,Red Velvet,1,1,1
2020-10-09,Kingdom Come,Red Velvet,1,1,1
2020-10-09,Rebirth,Red Velvet,1,1,1
2020-10-09,Hear the Sea,Red Velvet,1,1,1
2020-10-09,Mojito,Red Velvet,1,1,1
2020-10-09,Zoo,Red Velvet (레드벨벳),1,1,1
2020-10-09,You Better Know,Red Velvet (레드벨벳),1,1,1
2020-10-09,빨간 맛 Red Flavor,Red Velvet (레드벨벳),1,1,1
2020-10-09,Would U,Red Velvet (레드벨벳),1,1,1
2020-10-09,Last Love,Red Velvet,1,1,1
2020-10-09,Body Talk,Red Velvet,1,1,1
2020-10-09,Talk to Me,Red Velvet,1,1,1
2020-10-09,Happily Ever After,Red Velvet,1,1,1
2020-10-09,Little Little,Red Velvet (레드벨벳),1,1,1
2020-10-09,Rookie,Red Velvet (레드벨벳),1,1,1
2020-10-09,My Dear,Red Velvet,1,1,1
2020-10-09,Some Love,Red Velvet,1,1,1
2020-10-09,Fool,Red Velvet,1,1,1
2020-10-09,Sunny Afternoon,Red Velvet,1,1,1
2020-10-09,Bad Dracula,Red Velvet (레드벨벳),1,1,1
2020-10-09,Lucky Girl,Red Velvet,1,1,1
2020-10-09,러시안 룰렛 (Russian Roulette),Red Velvet (레드벨벳),1,1,1
2020-10-09,One Of These Nights (Piano Version),Red Velvet,1,1,1
2020-10-09,Rose Scent Breeze,Red Velvet,1,1,1
2020-10-09,First Time,Red Velvet,1,1,1
2020-10-09,Light Me Up,Red Velvet,1,1,1
2020-10-09,Cool Hot Sweet Love,Red Velvet (레드벨벳),1,1,1
2020-10-09,7월 7일 One of These Nights,Red Velvet (레드벨벳),1,1,1
2020-10-09,세가지 소원 Wish Tree - WINTER GARDEN,Red Velvet (레드벨벳),1,1,1
2020-10-09,Cool World,Red Velvet,1,1,1
2020-10-09,Day 1,Red Velvet,1,1,1
2020-10-09,Don't U Wait No More,Red Velvet,1,1,1
2020-10-09,Time Slip,Red Velvet (레드벨벳),1,1,1
2020-10-09,Lady's Room,Red Velvet,1,1,1
2020-10-09,Oh Boy,Red Velvet,1,1,1
2020-10-09,Red Dress,Red Velvet (레드벨벳),1,1,1
2020-10-09,Campfire,Red Velvet,1,1,1
2020-10-09,Stupid Cupid,Red Velvet (레드벨벳),1,1,1
2020-10-09,Somethin Kinda Crazy,Red Velvet (레드벨벳),1,1,1
2020-10-09,Automatic,Red Velvet (레드벨벳),1,1,1
2020-10-09,Ice Cream Cake,Red Velvet (레드벨벳),1,1,1
2020-10-09,Be Natural (feat. 태용 TAEYONG),Red Velvet (레드벨벳),1,1,1
2020-10-09,행복 Happiness,Red Velvet (레드벨벳),1,1,1
2020-10-09,You Never Know,BLACKPINK,1,1,1
2020-10-09,Love to Hate Me,BLACKPINK,1,1,1
2020-10-09,Crazy Over You,BLACKPINK,1,1,1
2020-10-09,Lovesick Girls,BLACKPINK,1,1,1
2020-10-09,Bet You Wanna (feat. Cardi B),BLACKPINK,1,1,1
2020-10-09,Pretty Savage,BLACKPINK,1,1,1
2020-10-09,Ice Cream (with Selena Gomez),BLACKPINK,1,1,1
2020-10-16,Flower (Korean Version),GFRIEND,1,1,1
2020-10-16,Butterfly,LOOΠΔ,1,1,1
2020-10-16,BAAM,MOMOLAND,1,1,1
2020-10-16,BLACK DRESS,CLC,1,1,1
2020-10-16,Lion Heart,소녀시대,1,1,1
2020-10-16,사랑은 또다시 Love Again,NCT DREAM,1,1,1
2020-10-16,Electric Shock,f(x),2,2,1
2020-10-16,HIT,세븐틴 Seventeen,1,1,1
2020-10-16,Left & Right,Seventeen,1,1,1
2020-10-16,Turn Back Time 超时空 回,WayV,1,1,1
2020-10-16,This Is Why We Can't Have Nice Things,Taylor Swift,1,1,1
2020-10-16,HIP,MAMAMOO,1,1,1
2020-10-16,M.I.L.F. $,Fergie,1,1,1
2020-10-16,LIT,ONEUS,1,1,1
2020-10-16,WEE WOO,PRISTIN,1,1,1
2020-10-16,Hotter Than Hell,Dua Lipa,1,1,1
2020-10-16,WONDERLAND,ATEEZ,1,1,1
2020-10-16,Tell Me Something I Don't Know,Selena Gomez & the Scene,1,1,1
2020-10-16,Victory Song,Stray Kids,1,1,1
2020-10-16,Same Old Love,Selena Gomez,1,1,1
2020-10-16,Ridin',NCT DREAM,1,1,1
2020-10-16,Make A Wish (Birthday Song) (English Version),NCT U,1,1,1
2020-10-16,From Home (Korean Version),NCT U,1,1,1
2020-10-16,From Home,NCT U,1,1,1
2020-10-16,Faded in My Last Song,NCT U,1,1,1
2020-10-16,Music Dance,NCT 127,1,1,1
2020-10-16,Nectar,NCT,1,1,1
2020-10-16,Déjà Vu,NCT DREAM,1,1,1
2020-10-16,Interlude: Past to Present,NCT U,1,1,1
2020-10-16,Dancing In The Rain,NCT U,1,1,1
2020-10-16,Light Bulb,NCT U,1,1,1
2020-10-16,Volcano,NCT U,1,1,1
2020-10-16,엔시티 유,NCT,3,1,3
2020-10-16,Love to Hate Me,BLACKPINK,1,1,1
2020-10-16,Crazy Over You,BLACKPINK,1,1,1
2020-10-16,BLACKPINK – ‘Lovesick Girls’ M/V,BLACKPINK,1,1,1
2020-10-16,Bet You Wanna (feat. Cardi B),BLACKPINK,1,1,1
2020-10-16,BLACKPINK - ‘Pretty Savage’ 1011 SBS Inkigayo,BLACKPINK,1,1,1
2020-10-16,Ice Cream,Selena Gomez & BLACKPINK,1,1,1
2020-10-16,How You Like That,BLACKPINK,1,1,1
2020-10-16,National Anthem,Lana Del Rey,1,1,1
2020-10-16,Cinnamon Girl,Lana Del Rey,1,1,1
2020-10-16,High by the Beach,Lana Del Rey,1,1,1
2020-10-16,400 Lux,Lorde,1,1,1
2020-10-16,Team,Lorde,1,1,1
2020-10-16,Supercut,Lorde,1,1,1
2020-10-16,Liability,Lorde,1,1,1
2020-10-16,Tennis Court,Lorde,1,1,1
2020-10-16,Green Light,Lorde,1,1,1
2020-10-16,Royals,Lorde,1,1,1
2020-10-16,Hot Summer,f(x),1,1,1
2020-10-16,첫 사랑니 Rum Pum Pum Pum,f(x),1,1,1
2020-10-16,4 Walls,f(x),1,1,1
2020-10-16,Red Light,f(x),1,1,1
2020-10-16,Pretty Savage,BLACKPINK,1,1,1
2020-10-16,어른 아이 (Kidult),Seventeen,1,1,1
2020-10-16,La La Love,WJSN (Cosmic Girls),1,1,1
2020-10-16,Superhuman,NCT 127,1,1,1
2020-10-16,LOVE ME RIGHT,EXO,1,1,1
2020-10-16,Not a Pop Song,Little Mix,1,1,1
2020-10-16,Holiday,Little Mix,1,1,1
2020-10-16,break up with your girlfriend i'm bored,Ariana Grande,1,1,1
2020-10-16,thank u next,Ariana Grande,1,1,1
2020-10-16,7 rings,Ariana Grande,1,1,1
2020-10-16,in my head,Ariana Grande,1,1,1
2020-10-16,ghostin,Ariana Grande,1,1,1
2020-10-16,make up,Ariana Grande,1,1,1
2020-10-16,bad idea,Ariana Grande,1,1,1
2020-10-16,fake smile,Ariana Grande,1,1,1
2020-10-16,bloodline,Ariana Grande,1,1,1
2020-10-16,NASA,Ariana Grande,1,1,1
2020-10-16,needy,Ariana Grande,1,1,1
2020-10-16,imagine,Ariana Grande,1,1,1
2020-10-16,get well soon,Ariana Grande,1,1,1
2020-10-16,pete davidson,Ariana Grande,1,1,1
2020-10-16,goodnight n go,Ariana Grande,1,1,1
2020-10-16,better off,Ariana Grande,1,1,1
2020-10-16,borderline (feat. Missy Elliott),Ariana Grande,1,1,1
2020-10-16,no tears left to cry,Ariana Grande,1,1,1
2020-10-16,breathin,Ariana Grande,1,1,1
2020-10-16,everytime,Ariana Grande,1,1,1
2020-10-16,successful,Ariana Grande,1,1,1
2020-10-16,sweetener,Ariana Grande,1,1,1
2020-10-16,God is a woman,Ariana Grande,1,1,1
2020-10-16,R.E.M,Ariana Grande,1,1,1
2020-10-16,the light is coming (feat. Nicki Minaj),Ariana Grande,1,1,1
2020-10-16,blazed (feat. Pharrell Williams),Ariana Grande,1,1,1
2020-10-16,raindrops (an angel cried),Ariana Grande,1,1,1
2020-10-16,Focus,Ariana Grande,1,1,1
2020-10-16,Thinking Bout You,Ariana Grande,1,1,1
2020-10-16,Knew Better _ Forever Boy,Ariana Grande,1,1,1
2020-10-16,Touch It,Ariana Grande,1,1,1
2020-10-16,Bad Decisions,Ariana Grande,1,1,1
2020-10-16,I Don't Care,Ariana Grande,1,1,1
2020-10-16,Sometimes,Ariana Grande,1,1,1
2020-10-16,Everyday (feat. Future),Ariana Grande,1,1,1
2020-10-16,Leave Me Lonely (feat. Macy Gray),Ariana Grande,1,1,1
2020-10-16,Greedy,Ariana Grande,1,1,1
2020-10-16,Let Me Love You (feat. Lil Wayne),Ariana Grande,1,1,1
2020-10-16,Side to Side (feat. Nicki Minaj),Ariana Grande,1,1,1
2020-10-16,Into You,Ariana Grande,1,1,1
2020-10-16,Be Alright,Ariana Grande,1,1,1
2020-10-16,Dangerous Woman,Ariana Grande,1,1,1
2020-10-16,Moonlight,Ariana Grande,1,1,1
2020-10-16,You Don't Know Me,Ariana Grande,1,1,1
2020-10-16,Only 1,Ariana Grande,1,1,1
2020-10-16,Bang Bang (Jessie J Ariana Grande & Nicki Minaj),Ariana Grande,1,1,1
2020-10-16,My Everything,Ariana Grande,1,1,1
2020-10-16,Hands on Me (feat. A$AP Ferg),Ariana Grande,1,1,1
2020-10-16,Just a Little Bit of Your Heart,Ariana Grande,1,1,1
2020-10-16,Love Me Harder (Ariana Grande & The Weeknd),Ariana Grande,1,1,1
2020-10-16,Be My Baby (feat. Cashmere Cat),Ariana Grande,1,1,1
2020-10-16,Best Mistake (feat. Big Sean),Ariana Grande,1,1,1
2020-10-16,Break Fee (feat. Zedd),Ariana Grande,1,1,1
2020-10-16,Why Try,Ariana Grande,1,1,1
2020-10-16,One Last Time,Ariana Grande,1,1,1
2020-10-16,Problem (feat. Iggy Azalea),Ariana Grande,1,1,1
2020-10-16,Intro,Ariana Grande,1,1,1
2020-10-16,You’ll Never Know,Ariana Grande,1,1,1
2020-10-16,The Way (feat. Mac Miller),Ariana Grande,1,1,1
2020-10-16,Daydreamin',Ariana Grande,1,1,1
2020-10-16,Piano,Ariana Grande,1,1,1
2020-10-16,Lovin' It,Ariana Grande,1,1,1
2020-10-16,Tattooed Heart,Ariana Grande,1,1,1
2020-10-16,Right There (feat. Big Sean),Ariana Grande,1,1,1
2020-10-16,Baby I,Ariana Grande,1,1,1
2020-10-16,Honeymoon Avenue,Ariana Grande,1,1,1
2020-10-23,Lion Heart,소녀시대,1,1,1
2020-10-23,BOOMBOOM,Seventeen,1,1,1
2020-10-23,Sweet Chaos,DAY6,1,1,1
2020-10-23,Into You (3LAU Remix),Ariana Grande,1,1,1
2020-10-23,서곡 Prelude 序曲,NCT 127,1,1,1
2020-10-23,Don’t Need Your Love,NCT DREAM & HRVY,1,1,1
2020-10-23,놀이 Naughty,Red Velvet - IRENE & SEULGI,1,1,1
2020-10-23,illicit affairs,Taylor Swift,1,1,1
2020-10-23,몰랐니 Lil’ Touch,Girls' Generation-Oh!GG,1,1,1
2020-10-23,마지막 첫사랑 My First and Last,NCT DREAM,1,1,1
2020-10-23,Apple,여자친구 (GFriend),1,1,1
2020-10-23,Lotto,EXO,1,1,1
2020-10-23,Blue Flame,Astro,1,1,1
2020-10-23,BOCA,드림캐쳐 DREAMCATCHER,1,1,1
2020-10-23,Black on Black,NCT,1,1,1
2020-10-23,Love Letter,이달의 소녀,1,1,1
2020-10-23,Misfit,NCT U,1,1,1
2020-10-23,mad woman,Taylor Swift,1,1,1
2020-10-23,Pretty Savage,BLACKPINK,1,1,1
2020-10-23,NCT DREAM - 'Déjà Vu' Lyrics [Color Coded_Han_Rom_Eng],Zaty Farhani,1,1,1
2020-10-23,無限的我 무한적아; LIMITLESS,NCT 127,1,1,1
2020-10-23,LA DI DA,Everglow,1,1,1
2020-10-23,Girls,Nature,1,1,1
2020-10-23,God’s Menu,Stray Kids,1,1,1
2020-10-23,BOSS,NCT U,1,1,1
2020-10-23,INCEPTION,ATEEZ,1,1,1
2020-10-23,Can't You See Me?,TOMORROW X TOGETHER,1,1,1
2020-10-23,Monster,Red Velvet - IRENE & SEULGI,1,1,1
2020-10-23,중독 Overdose,EXO-K,1,1,1
2020-10-23,Lovesick Girls,BLACKPINK,1,1,1
2020-10-23,Labyrinth,여자친구 (GFriend),1,1,1
2020-10-23,The Stealer,THE BOYZ,1,1,1
2020-10-23,Make A Wish (Birthday Song) (English Version),NCT U,1,1,1
2020-10-23,Star (목소리 English Ver.),이달의 소녀,1,1,1
2020-10-23,OOPS!,이달의 소녀,1,1,1
2020-10-23,숨바꼭질 (Hide & Seek),이달의 소녀,1,1,1
2020-10-23,Universe,이달의 소녀,1,1,1
2020-10-23,기억해 (Fall Again),이달의 소녀,1,1,1
2020-10-23,목소리 (Voice),이달의 소녀,1,1,1
2020-10-23,Why Not?,이달의 소녀,1,1,1
2020-10-23,12:00,이달의 소녀,1,1,1
2020-10-30,BEHIND THE MASK,TWICE (트와이스),1,1,1
2020-11-13,New Year’s Day,Taylor Swift,1,1,1
2020-11-13,Call It What You Want,Taylor Swift,1,1,1
2020-11-13,This Is Why We Can’t Have Nice Things,Taylor Swift,1,1,1
2020-11-13,Dress,Taylor Swift,1,1,1
2020-11-13,Dancing With Our Hands Tied,Taylor Swift,1,1,1
2020-11-13,King of My Heart,Taylor Swift,1,1,1
2020-11-13,Getaway Car,Taylor Swift,1,1,1
2020-11-13,Gorgeous,Taylor Swift,1,1,1
2020-11-13,So It Goes...,Taylor Swift,1,1,1
2020-11-13,Look What You Made Me Do,Taylor Swift,1,1,1
2020-11-13,Delicate,Taylor Swift,1,1,1
2020-11-13,Don’t Blame Me,Taylor Swift,1,1,1
2020-11-13,I Did Something Bad,Taylor Swift,1,1,1
2020-11-13,End Game (feat. Ed Sheeran & Future),Taylor Swift,1,1,1
2020-11-13,...Ready for It?,Taylor Swift,1,1,1
2020-11-13,From Home,NCT U,1,1,1
2020-11-13,Music Dance,NCT 127,1,1,1
2020-11-13,月之迷 (Nectar),WayV,1,1,1
2020-11-13,무대로 (Deja Vu; 舞代路),NCT DREAM,2,1,2
2020-11-13,Interlude: Past to Present,NCT U,1,1,1
2020-11-13,Misfit,NCT U,1,1,1
2020-11-13,Make A Wish (Birthday Song),NCT U,1,1,1
2020-11-13,Psycho ft. Nicki Minaj (Reloaded),Red Velvet,1,1,1
2020-11-13,Star (목소리 English Ver.),이달의 소녀,1,1,1
2020-11-13,OOPS!,이달의 소녀,1,1,1
2020-11-13,목소리 (Voice),이달의 소녀,1,1,1
2020-11-13,Why Not?,이달의 소녀,1,1,1
2020-11-13,12:00,이달의 소녀,1,1,1
2020-11-13,BEHIND THE MASK,TWICE (트와이스),1,1,1
2020-11-13,SAY SOMETHING,TWICE (트와이스),1,1,1
2020-11-13,DEPEND ON YOU,TWICE (트와이스),1,1,1
2020-11-13,HANDLE IT,TWICE (트와이스),1,1,1
2020-11-13,SHOT CLOCK,TWICE (트와이스),1,1,1
2020-11-13,GO HARD,TWICE (트와이스),1,1,1
2020-11-13,QUEEN,TWICE (트와이스),1,1,1
2020-11-13,BELIEVER,TWICE (트와이스),1,1,1
2020-11-13,BRING IT BACK,TWICE (트와이스),1,1,1
2020-11-13,DO WHAT WE LIKE,TWICE (트와이스),1,1,1
2020-11-13,UP NO MORE,TWICE (트와이스),1,1,1
2020-11-13,HELL IN HEAVEN,TWICE (트와이스),1,1,1
2020-11-13,I Can't Stop Me,TWICE (트와이스),1,1,1
2020-11-27,Word Up!,Little Mix,1,1,1
2020-11-27,Superhuman,NCT 127,1,1,1
2020-11-27,BOCA,드림캐쳐,1,1,1
2020-11-27,motive (feat. Doja Cat),Ariana Grande,1,1,1
2020-11-27,Falling in Love,2NE1,1,1,1
2020-11-27,Vampire,IZ*ONE,1,1,1
2020-11-27,My My,Seventeen,1,1,1
2020-11-27,Ice Cream (with Selena Gomez),BLACKPINK,1,1,1
2020-11-27,Make A Wish (Birthday Song),NCT U,1,1,1
2020-11-27,Wave,ATEEZ,2,2,1
2020-11-27,What You Waiting For,TWICE,1,1,1
2020-11-27,Labyrinth,GFRIEND,1,1,1
2020-11-27,땡땡땡 (Ding Ding Dong),이달의 소녀 (Loona),1,1,1
2020-11-27,Illusion,ATEEZ,1,1,1
2020-11-27,세계가 불타버린 밤 우린... (Can't You See Me?),TXT,1,1,1
2020-11-27,TRICK IT,TWICE,1,1,1
2020-11-27,Ladies Night,Red Velvet,1,1,1
2020-11-27,Break My Heart,Dua Lipa,1,1,1
2020-11-27,Training Wheels,Melanie Martinez,2,2,1
2020-11-27,기억해 (Fall Again),이달의 소녀,1,1,1
2020-11-27,GO HARD,TWICE (트와이스),1,1,1
2020-11-27,텐데... (Timeless),NCT U,1,1,1
2020-11-27,Mine,Taylor Swift,1,1,1
2020-11-27,God is a woman,Ariana Grande,1,1,1
2020-11-27,Blow Your Mind (Mwah),Dua Lipa,1,1,1
2020-11-27,Weird People,Little Mix,1,1,1
2020-11-27,Why Not?,이달의 소녀,1,1,1
2020-11-27,무대로 (Deja Vu; 舞代路),NCT DREAM,1,1,1
2020-11-27,Pretty Savage,BLACKPINK,1,1,1
2020-11-27,Psycho ft. Nicki Minaj (Reloaded),Red Velvet,1,1,1
2020-11-27,HELL IN HEAVEN,TWICE (트와이스),1,1,1
2020-11-27,La La Love,WJSN (Cosmic Girls),1,1,1
2020-11-27,The Story of Us,Taylor Swift,1,1,1
2020-11-27,우와 (Woowa),DIA,1,1,1
2020-11-27,Some Love,Red Velvet,1,1,1
2020-11-27,So Good,Red Velvet,1,1,1
2020-11-27,SING FOR YOU,EXO,1,1,1
2020-11-27,Moonlight Melody,Red Velvet,1,1,1
2020-11-27,Truth Hurts,Lizzo,1,1,1
2020-11-27,Don't Start Now,Dua Lipa,1,1,1
2020-11-27,Fanfare,TWICE,1,1,1
2020-11-27,Punch,NCT 127,1,1,1
2020-11-27,Lover,Taylor Swift,1,1,1
2020-11-27,아니 (Any),Stray Kids (스트레이 키즈),1,1,1
2020-11-27,Happy,WJSN,1,1,1
2020-11-27,Crazy Over You,BLACKPINK,1,1,1
2020-11-27,Home,Seventeen,1,1,1
2020-11-27,The Best Thing I Ever Did (Japanese Version),TWICE,1,1,1
2020-11-27,Sunshine,Stray Kids (스트레이 키즈),1,1,1
2020-11-27,9와 4분의 3 승강장에서 너를 기다려 (Run Away),TXT,1,1,1
2020-11-27,west side,Ariana Grande,1,1,1
2020-11-27,obvious,Ariana Grande,1,1,1
2020-11-27,Drama Club,Melanie Martinez,1,1,1
2020-11-27,Without You,NCT U,1,1,1
2020-11-27,100,SuperM,1,1,1
2020-11-27,Body Talk,Red Velvet,1,1,1
2020-11-27,hoax,Taylor Swift,1,1,1
2020-11-27,Scorpion,TWICE,1,1,1
2020-11-27,BETTER,TWICE,1,1,1
2020-12-04,To Heart,fromis_9,1,1,1
2020-12-04,LP,Red Velvet,1,1,1
2020-12-04,borderline (feat. Missy Elliott),Ariana Grande,1,1,1
2020-12-04,시간이 안 지나가 (Walkin` In Time),THE BOYZ,1,1,1
2020-12-04,BOOM,NCT DREAM,1,1,1
2020-12-04,Chain,NCT 127,1,1,1
2020-12-04,덤디덤디 (DUMDi DUMDi),(여자)아이들,1,1,1
2020-12-04,Fake & True,TWICE,1,1,1
2020-12-04,Bubble Pop!,HyunA,1,1,1
2020-12-04,Bad Blood (feat. Kendrick Lamar),Taylor Swift,1,1,1
2020-12-04,영웅 (英雄; Kick It),NCT 127,1,1,1
2020-12-04,Detention,Melanie Martinez,1,1,1
2020-12-04,Body Talk,Red Velvet,1,1,1
2020-12-04,Changing!,TWICE,1,1,1
2020-12-04,무대로 (Deja Vu; 舞代路),NCT DREAM,1,1,1
2020-12-04,Why Not?,이달의 소녀,1,1,1
2020-12-04,Show & Tell,Melanie Martinez,1,1,1
2020-12-04,Twilight,ONEUS,1,1,1
2020-12-04,LION,(G)I-DLE,1,1,1
2020-12-04,breathin,Ariana Grande,1,1,1
2020-12-04,About Love,Red Velvet,1,1,1
2020-12-04,나로 말할 것 같으면 (Yes I Am),MAMAMOO,1,1,1
2020-12-04,Without You,NCT U,1,1,1
2020-12-04,SAY IT AGAIN,TWICE,2,1,2
2020-12-04,The Principal,Melanie Martinez,1,1,1
2020-12-04,Universe,이달의 소녀,1,1,1
2020-12-04,SHADOW,TWICE,1,1,1
2020-12-04,Psycho ft. Nicki Minaj (Reloaded),Red Velvet,1,1,1
2020-12-04,LOTTO (Korean Ver.),Exo,1,1,1
2020-12-04,Bet You Wanna (feat. Cardi B),BLACKPINK,1,1,1
2020-12-04,HELL IN HEAVEN,TWICE (트와이스),1,1,1
2020-12-04,Answer,ATEEZ,1,1,1
2020-12-04,Carpool,Red Velvet,1,1,1
2020-12-04,Moonlight Melody,Red Velvet,1,1,1
2020-12-04,놀이 (Naughty),레드벨벳-아이린 & 슬기,1,1,1
2020-12-04,Oh Boy,Red Velvet,1,1,1
2020-12-04,Sippy Cup,Melanie Martinez,1,1,1
2020-12-04,HOME;RUN,세븐틴 (Seventeen),1,1,1
2020-12-04,MAGO,여자친구 (GFriend),1,1,1
2020-12-04,ALL IN,Stray Kids,1,1,1
2020-12-04,Jelly,Red Velvet - IRENE & SEULGI,1,1,1
2020-12-11,marjorie,Taylor Swift,2,2,1
2020-12-11,tolerate it,Taylor Swift,2,2,1
2020-12-11,cowboy like me,Taylor Swift,2,2,1
2020-12-11,ivy,Taylor Swift,2,2,1
2020-12-11,coney island (feat. The National),Taylor Swift,2,2,1
2020-12-11,willow,Taylor Swift,2,2,1
2020-12-11,gold rush,Taylor Swift,2,2,1
2020-12-11,no body no crime (feat. HAIM),Taylor Swift,2,2,1
2020-12-11,evermore (feat. Bon Iver),Taylor Swift,1,1,1
2020-12-11,closure,Taylor Swift,1,1,1
2020-12-11,long story short,Taylor Swift,1,1,1
2020-12-11,dorothea,Taylor Swift,1,1,1
2020-12-11,happiness,Taylor Swift,1,1,1
2020-12-11,‘tis the damn season,Taylor Swift,1,1,1
2020-12-11,champagne problems,Taylor Swift,1,1,1
2020-12-11,덤디덤디 (DUMDi DUMDi),(여자)아이들,1,1,1
2020-12-11,gogobebe,MAMAMOO,2,2,1
2020-12-11,Pirate King,ATEEZ,1,1,1
2020-12-11,OXYGEN,TWICE,1,1,1
2020-12-11,Snap Shoot,Seventeen,1,1,1
2020-12-11,Answer,ATEEZ,1,1,1
2020-12-11,New Rules,Dua Lipa,1,1,1
2020-12-11,In & Out,Red Velvet,1,1,1
2020-12-11,SOLO,JENNIE (from BLACKPINK),1,1,1
2020-12-11,Butterfly,WJSN (Cosmic Girls),1,1,1
2020-12-11,Circus,Britney Spears,1,1,1
2020-12-11,일상 (Another Day),Stray Kids,1,1,1
2020-12-11,Back Door,Stray Kids (스트레이 키즈),1,1,1
2020-12-11,CRY FOR ME,TWICE,1,1,1
2020-12-11,I CAN'T STOP ME (English Ver.),TWICE,1,1,1
2020-12-11,Breathe,Little Mix,1,1,1
2020-12-11,If You Want My Love,Little Mix,1,1,1
2020-12-11,Rendezvous,Little Mix,1,1,1
2020-12-11,My Love Won't Let You Down,Little Mix,1,1,1
2020-12-11,A Mess (Happy 4 U),Little Mix,1,1,1
2020-12-11,Gloves Up,Little Mix,1,1,1
2020-12-11,Nothing But My Feelings,Little Mix,1,1,1
2020-12-11,Not a Pop Song,Little Mix,1,1,1
2020-12-11,Happiness,Little Mix,1,1,1
2020-12-11,Confetti,Little Mix,1,1,1
2020-12-11,Sweet Melody,Little Mix,1,1,1
2020-12-11,Holiday,Little Mix,1,1,1
2020-12-11,Break Up Song (Official Video),Little Mix,1,1,1
2020-12-11,By the Grace of God,Katy Perry,1,1,1
2020-12-11,Double Rainbow,Katy Perry,1,1,1
2020-12-11,This Moment,Katy Perry,1,1,1
2020-12-11,Love Me,Katy Perry,1,1,1
2020-12-11,Ghost,Katy Perry,1,1,1
2020-12-11,International Smile,Katy Perry,1,1,1
2020-12-11,This Is How We Do,Katy Perry,1,1,1
2020-12-11,Dark Horse (feat. Juicy J),Katy Perry,1,1,1
2020-12-11,Unconditionally,Katy Perry,1,1,1
2020-12-11,Walking on Air,Katy Perry,1,1,1
2020-12-11,Birthday,Katy Perry,1,1,1
2020-12-11,Legendary Lovers,Katy Perry,1,1,1
2020-12-11,Roar,Katy Perry,1,1,1
2020-12-11,What Makes a Woman,Katy Perry,1,1,1
2020-12-11,Only Love,Katy Perry,1,1,1
2020-12-11,Harleys in Hawaii,Katy Perry,1,1,1
2020-12-11,Tucked,Katy Perry,1,1,1
2020-12-11,Champagne Problems,Katy Perry,1,1,1
2020-12-11,Smile,Katy Perry,1,1,1
2020-12-11,Not the End of the World,Katy Perry,1,1,1
2020-12-11,Resilient,Katy Perry,1,1,1
2020-12-11,Daisies,Katy Perry,2,2,1
2020-12-11,Teary Eyes,Katy Perry,1,1,1
2020-12-11,Cry About It Later,Katy Perry,1,1,1
2020-12-11,Never Really Over,Katy Perry,1,1,1
2020-12-11,Fever (feat. Angèle),Dua Lipa,1,1,1
2020-12-11,Levitating (feat. DaBaby),Dua Lipa,2,2,1
2020-12-11,Dua Lipa - Boys Will Be Boys (Official Lyrics Video),Dua Lipa,1,1,1
2020-12-11,Dua Lipa - Good In Bed (Official Lyrics Video),Dua Lipa,1,1,1
2020-12-11,Break My Heart,Dua Lipa,1,1,1
2020-12-11,Love Again,Dua Lipa,1,1,1
2020-12-11,Hallucinate,Dua Lipa,1,1,1
2020-12-11,Dua Lipa - Pretty Please (Official Lyrics Video),Dua Lipa,1,1,1
2020-12-11,Physical,Dua Lipa,1,1,1
2020-12-11,Cool,Dua Lipa,1,1,1
2020-12-11,Don't Start Now,Dua Lipa,1,1,1
2020-12-11,Dua Lipa - Future Nostalgia (Official Lyrics Video),Dua Lipa,1,1,1
2020-12-11,WONDERLAND,ATEEZ,1,1,1
2020-12-11,숨바꼭질 (Hide & Seek),이달의 소녀,1,1,1
2020-12-11,감싸줄게요 (Hug U),DIA,1,1,1
2020-12-11,Jumpin’,Red Velvet,1,1,1
2020-12-11,Grown,Little Mix,1,1,1
2020-12-11,Stupid Love,Lady Gaga,1,1,1
2020-12-11,invisible string,Taylor Swift,1,1,1
2020-12-11,Touch My Body,SISTAR,1,1,1
2020-12-11,Sweet Chaos,DAY6,1,1,1
2020-12-11,INCEPTION,ATEEZ (에이티즈),1,1,1
2020-12-11,R.E.M,Ariana Grande,1,1,1
2020-12-11,Boogie Up,WJSN,1,1,1
2020-12-11,Tell Me Something I Don't Know,Selena Gomez & the Scene,1,1,1
2020-12-11,Pacemaker,Stray Kids,1,1,1
2020-12-11,the last great american dynasty,Taylor Swift,1,1,1
2020-12-11,Don’t Need Your Love,NCT DREAM HRVY,1,1,1
2020-12-11,어른 아이 (Kidult),Seventeen,1,1,1
2020-12-11,100,SuperM,1,1,1
2020-12-11,NONSTOP,OH MY GIRL,1,1,1
2020-12-11,Highway To Heaven,NCT 127,1,1,1
2020-12-11,Holiday,소녀시대,1,1,1
2020-12-11,RBB (Really Bad Boy) (Eng Ver.),Red Velvet,1,1,1
2020-12-11,SWEET SUMMER DAY,TWICE,1,1,1
2020-12-11,Teacher's Pet,Melanie Martinez,1,1,1
2020-12-11,Star (목소리 English Ver.),이달의 소녀,1,1,1
2020-12-11,Sour Candy,Lady Gaga & BLACKPINK,1,1,1
2020-12-11,Drama Club,Melanie Martinez,1,1,1
2020-12-11,Secret Love Song: Part II,Little Mix,1,1,1
2020-12-11,Interlude: Past to Present,NCT U,1,1,1
2020-12-11,無限的我 (무한적아;Limitless),NCT 127,1,1,1
2020-12-11,the light is coming (feat. Nicki Minaj),Ariana Grande,1,1,1
2020-12-11,YESTODAY (Extended Ver.) (Bonus Track),NCT U,1,1,1
2020-12-18,Don't Start Now,Dua Lipa,1,1,1
2020-12-18,Made in the USA,Demi Lovato,1,1,1
2020-12-18,High School Sweethearts,Melanie Martinez,1,1,1
2020-12-18,Chewing Gum (Korean Ver.),NCT DREAM,1,1,1
2020-12-18,Butterfly,WJSN (Cosmic Girls),1,1,1
2020-12-18,Bing Bing,Red Velvet,1,1,1
2020-12-18,Black on Black,NCT 2018,1,1,1
2020-12-18,Young and Beautiful,Lana Del Rey,1,1,1
2020-12-18,Bubble Pop!,HyunA,1,1,1
2020-12-18,Love Me or Leave Me,Little Mix,1,1,1
2020-12-18,Carousel,Melanie Martinez,1,1,1
2020-12-18,Naturally,Selena Gomez & the Scene,1,1,1
2020-12-18,뜨거운 감자 (Hot Potato),N.Flying,1,1,1
2020-12-18,Give Your Heart a Break,Demi Lovato,1,1,1
2020-12-18,Starry Night,MAMAMOO,1,1,1
2020-12-18,Neon Lights,Demi Lovato,1,1,1
2020-12-18,Tag Me (@Me),Weekly,1,1,1
2020-12-18,evermore,Taylor Swift Bon Iver,1,1,1
2020-12-18,closure,Taylor Swift,1,1,1
2020-12-18,marjorie,Taylor Swift,1,1,1
2020-12-18,long story short,Taylor Swift,1,1,1
2020-12-18,cowboy like me,Taylor Swift,1,1,1
2020-12-18,ivy,Taylor Swift,1,1,1
2020-12-18,coney island,Taylor Swift The National,1,1,1
2020-12-18,‘tis the damn season,Taylor Swift,1,1,1
2020-12-18,gold rush,Taylor Swift,1,1,1
2020-12-18,champagne problems,Taylor Swift,1,1,1
2020-12-18,willow,Taylor Swift,1,1,1
2020-12-18,Christmas Tree Farm,Taylor Swift,1,1,1
2021-01-01,borderline (feat. Missy Elliott),Ariana Grande,1,1,1
2021-01-01,너에게 닿기를 (I Wish),WJSN (Cosmic Girls),1,1,1
2021-01-01,SWEET SUMMER DAY,TWICE,1,1,1
2021-01-01,Top Gang,MCND,1,1,1
2021-01-01,Day & Night (Hidden track),Loona,1,1,1
2021-01-01,Reggaeton Lento (Remix),CNCO feat. Little Mix,1,1,1
2021-01-01,Down & Dirty,Little Mix,1,1,1
2021-01-01,Hear the Sea,Red Velvet,1,1,1
2021-01-01,Moonlight Melody,Red Velvet,1,1,1
2021-01-01,the 1,Taylor Swift,1,1,1
2021-01-01,꿈꾸는 마음으로 (Dreams Come True),WJSN (Cosmic Girls),1,1,1
2021-01-01,Only The Young (Featured in Miss Americana),Taylor Swift,1,1,1
2021-01-01,No Promises (feat. Demi Lovato),Cheat Codes,1,1,1
2021-01-01,epiphany,Taylor Swift,1,1,1
2021-01-01,So Good,Red Velvet,1,1,1
2021-01-01,일상 (Another Day),Stray Kids,1,1,1
2021-01-01,Never Really Over,Katy Perry,1,1,1
2021-01-01,BOSS,NCT U,1,1,1
2021-01-01,Skyscraper,Demi Lovato,1,1,1
2021-01-01,pete davidson,Ariana Grande,1,1,1
2021-01-01,seven,Taylor Swift,1,1,1
2021-01-01,Boogie Up,WJSN,1,1,1
2021-01-01,Rise,Katy Perry,1,1,1
2021-01-01,Kiss and Make Up,Dua Lipa & BLACKPINK,1,1,1
2021-01-01,Hit That Drum,Red Velvet,1,1,1
2021-01-01,Cool for the Summer,Demi Lovato,1,1,1
2021-01-01,Lion Heart,소녀시대,1,1,1
2021-01-01,SHADOW,TWICE,1,1,1
2021-01-01,peace,Taylor Swift,1,1,1
2021-01-01,RBB (Really Bad Boy) (Eng Ver.),Red Velvet,1,1,1
2021-01-01,invisible string,Taylor Swift,1,1,1
2021-01-01,My Second Date,Red Velvet,1,1,1
