Week,Position,Rise/Fall,Song,Artist,Album,Total Points,Streams Points,Sales Points,Airplay Points,Previous Week Points,Two Weeks Ago Points,Peak,WOC
2025-01-03,1,NEW,ไหล่เธอ (You’ve Got Ma Back) (เพลงประกอบซีรีส์ แฟนผมเป็นประธานนักเรียน My School President),Fourth,ไหล่เธอ (You’ve Got Ma Back) - Single,234,160,54,20,0,0,101,0
2025-01-03,2,NEW,Read your Mind,Sabrina Carpenter,emails i can’t send fwd:,154,105,39,10,0,0,101,0
2025-01-03,3,NEW,How You Get the Girl (Taylor's Version),Taylor Swift,1989 (Taylor's Version),142,90,42,10,0,0,101,0
2025-01-03,4,NEW,Begin Again (Taylor's Version),Taylor Swift,Red (Taylor's Version),117,85,12,20,0,0,101,0
2025-01-03,5,NEW,After LIKE,IVE,After LIKE,102,65,27,10,0,0,101,0
2025-01-03,6,NEW,All You Had to Do Was Stay (Taylor's Version),Taylor Swift,1989 (Taylor's Version),90,55,33,2,0,0,101,0
2025-01-03,7,NEW,Fast Times,Sabrina Carpenter,emails i can’t send fwd:,82,50,30,2,0,0,101,0
2025-01-03,8,NEW,Fresh Out the Slammer,Taylor Swift,THE TORTURED POETS DEPARTMENT: THE ANTHOLOGY,74,55,9,10,0,0,101,0
2025-01-03,9,NEW,Juno,Sabrina Carpenter,Short n' Sweet,74,45,27,2,0,0,101,0
2025-01-03,10,NEW,ง้อว (Smile Please) (เพลงประกอบซีรีส์ แฟนผมเป็นประธานนักเรียน My School President),Fourth,ง้อว (Smile Please) - Single,74,45,27,2,0,0,101,0
2025-01-03,11,NEW,That's My Floor,Magdalena Bay,Imaginal Disk,69,50,9,10,0,0,101,0
2025-01-03,12,NEW,เพลงรัก (Hook) (เพลงประกอบซีรีส์ แฟนผมเป็นประธานนักเรียน My School President),Gemini,เพลงรัก (Hook) - Single,66,40,24,2,0,0,101,0
2025-01-03,13,NEW,รักหน้าตาเหมือนเธอไหม (Love Love Love) (เพลงประกอบซีรีส์ Our Skyy แฟนผมเป็นประธานนักเรียน),Gemini,รักหน้าตาเหมือนเธอไหม (Love Love Love) - Single,66,40,24,2,0,0,101,0
2025-01-03,14,NEW,Summer Paradise,Simple Plan,Summer Paradise,65,45,12,8,0,0,101,0
2025-01-03,15,NEW,After Midnight,Chappell Roan,The Rise and Fall of a Midwest Princess,58,35,21,2,0,0,101,0
2025-01-03,16,NEW,Say Don't Go (Taylor's Version) (From the Vault),Taylor Swift,1989 (Taylor's Version),50,30,18,2,0,0,101,0
2025-01-03,17,NEW,Slut! (Taylor's Version) (From the Vault),Taylor Swift,1989 (Taylor's Version),50,30,18,2,0,0,101,0
2025-01-03,18,NEW,Wonderland (Taylor's Version),Taylor Swift,1989 (Taylor's Version),50,30,18,2,0,0,101,0
2025-01-03,19,NEW,ก้อนหินกับดวงดาว (Rock & Star) (เพลงประกอบซีรีส์ แฟนผมเป็นประธานนักเรียน My School President),Fourth,ก้อนหินกับดวงดาว (Rock & Star) - Single,50,30,18,2,0,0,101,0
2025-01-03,20,NEW,All the Time,Green Day,Nimrod,46,30,6,10,0,0,101,0
2025-01-03,21,NEW,Redundant,Green Day,Nimrod,46,30,6,10,0,0,101,0
2025-01-03,22,NEW,Feather,Sabrina Carpenter,emails i can’t send fwd:,42,25,15,2,0,0,101,0
2025-01-03,23,NEW,เพื่อนเล่น ไม่เล่นเพื่อน (Cover Version) (เพลงประกอบซีรีส์ แฟนผมเป็นประธานนักเรียน My School President),Fourth,เพื่อนเล่น ไม่เล่นเพื่อน (Cover Version) - Single,42,25,15,2,0,0,101,0
2025-01-03,24,NEW,Death & Romance,Magdalena Bay,Imaginal Disk,42,25,15,2,0,0,101,0
2025-01-03,25,NEW,Image,Magdalena Bay,Imaginal Disk,42,25,15,2,0,0,101,0
2025-01-03,26,NEW,Tunnel Vision,Magdalena Bay,Imaginal Disk,42,25,15,2,0,0,101,0
2025-01-03,27,NEW,She's So Mean,Matchbox Twenty,North (Deluxe Edition),40,25,9,6,0,0,101,0
2025-01-03,28,NEW,Minority,Green Day,Warning,40,25,9,6,0,0,101,0
2025-01-03,29,NEW,Popular Song,Mika,Yours Truly,38,25,3,10,0,0,101,0
2025-01-03,30,NEW,Scattered,Green Day,Nimrod,38,25,3,10,0,0,101,0
2025-01-03,31,NEW,Girl at Home (Taylor's Version),Taylor Swift,Red (Taylor's Version),38,25,3,10,0,0,101,0
2025-01-03,32,NEW,Roller Coaster,blink-182,Take Off Your Pants and Jacket,34,20,12,2,0,0,101,0
2025-01-03,33,NEW,New Romantics (Taylor's Version),Taylor Swift,1989 (Taylor's Version),34,20,12,2,0,0,101,0
2025-01-03,34,NEW,อยากร้องดังดัง (Cover Version) (เพลงประกอบซีรีส์ แฟนผมเป็นประธานนักเรียน My School President),Fourth,อยากร้องดังดัง (Cover Version) - Single,34,20,12,2,0,0,101,0
2025-01-03,35,NEW,Dirty Little Secret,The All-American Rejects,Move Along,32,20,6,6,0,0,101,0
2025-01-03,36,NEW,Unwell,Matchbox Twenty,More Than You Think You Are,26,15,9,2,0,0,101,0
2025-01-03,37,NEW,The American Dream Is Killing Me,Green Day,Saviors,26,15,9,2,0,0,101,0
2025-01-03,38,NEW,Fashion Victim,Green Day,Warning,26,15,9,2,0,0,101,0
2025-01-03,39,NEW,Every Time I Look For You,blink-182,Take Off Your Pants and Jacket,26,15,9,2,0,0,101,0
2025-01-03,40,NEW,Blood Sex and Booze,Green Day,Warning,26,15,9,2,0,0,101,0
2025-01-03,41,NEW,Stay Together for the Kids,blink-182,Take Off Your Pants and Jacket,26,15,9,2,0,0,101,0
2025-01-03,42,NEW,The Rock Show,blink-182,Take Off Your Pants and Jacket,26,15,9,2,0,0,101,0
2025-01-03,43,NEW,Shut Up,blink-182,Take Off Your Pants and Jacket,26,15,9,2,0,0,101,0
2025-01-03,44,NEW,Anthem Part Two,blink-182,Take Off Your Pants and Jacket,26,15,9,2,0,0,101,0
2025-01-03,45,NEW,Happy Holidays You Bastard,blink-182,Take Off Your Pants and Jacket,26,15,9,2,0,0,101,0
2025-01-03,46,NEW,Online Songs,blink-182,Take Off Your Pants and Jacket,26,15,9,2,0,0,101,0
2025-01-03,47,NEW,Reckless Abandon,blink-182,Take Off Your Pants and Jacket,26,15,9,2,0,0,101,0
2025-01-03,48,NEW,First Date,blink-182,Take Off Your Pants and Jacket,26,15,9,2,0,0,101,0
2025-01-03,49,NEW,Taste,Sabrina Carpenter,Short n' Sweet,26,15,9,2,0,0,101,0
2025-01-03,50,NEW,i wish i hated you,Ariana Grande,eternal sunshine,26,15,9,2,0,0,101,0
2025-01-03,51,NEW,You Are in Love (Taylor's Version),Taylor Swift,1989 (Taylor's Version),26,15,9,2,0,0,101,0
2025-01-03,52,NEW,Saviors,Green Day,Saviors,24,15,3,6,0,0,101,0
2025-01-03,53,NEW,Jesus of Suburbia,Green Day,American Idiot,18,10,6,2,0,0,101,0
2025-01-03,54,NEW,Motivation,Sum 41,All Killer No Filler,18,10,6,2,0,0,101,0
2025-01-03,55,NEW,Know Your Enemy,Green Day,21st Century Breakdown,18,10,6,2,0,0,101,0
2025-01-03,56,NEW,This Is How I Disappear,My Chemical Romance,The Black Parade,18,10,6,2,0,0,101,0
2025-01-03,57,NEW,Oh Love,Green Day,¡Uno!,18,10,6,2,0,0,101,0
2025-01-03,58,NEW,Graffitia,Green Day,Father of All...,18,10,6,2,0,0,101,0
2025-01-03,59,NEW,Girlfriend,Avril Lavigne,The Best Damn Thing (Expanded Edition),18,10,6,2,0,0,101,0
2025-01-03,60,NEW,House of Wolves,My Chemical Romance,The Black Parade,18,10,6,2,0,0,101,0
2025-01-03,61,NEW,Losing Grip,Avril Lavigne,Let Go,18,10,6,2,0,0,101,0
2025-01-03,62,NEW,Song of the Century,Green Day,21st Century Breakdown,18,10,6,2,0,0,101,0
2025-01-03,63,NEW,Last of the American Girls,Green Day,21st Century Breakdown,18,10,6,2,0,0,101,0
2025-01-03,64,NEW,You Found Me,Kelly Clarkson,Breakaway,18,10,6,2,0,0,101,0
2025-01-03,65,NEW,Hold On,Green Day,Warning,18,10,6,2,0,0,101,0
2025-01-03,66,NEW,Last Night on Earth,Green Day,21st Century Breakdown,18,10,6,2,0,0,101,0
2025-01-03,67,NEW,She's a Rebel,Green Day,American Idiot,18,10,6,2,0,0,101,0
2025-01-03,68,NEW,Save Yourself I'll Hold Them Back,My Chemical Romance,Danger Days: The True Lives of the Fabulous Killjoys,18,10,6,2,0,0,101,0
2025-01-03,69,NEW,Mutt,blink-182,Enema of the State,18,10,6,2,0,0,101,0
2025-01-03,70,NEW,Worry Rock,Green Day,Nimrod,18,10,6,2,0,0,101,0
2025-01-03,71,NEW,Thank You for the Venom,My Chemical Romance,Three Cheers for Sweet Revenge,18,10,6,2,0,0,101,0
2025-01-03,72,NEW,Wish You Were Here,Avril Lavigne,Goodbye Lullaby (Expanded Edition),18,10,6,2,0,0,101,0
2025-01-03,73,NEW,Sugar We're Goin Down,Fall Out Boy,From Under the Cork Tree,18,10,6,2,0,0,101,0
2025-01-03,74,NEW,On a Plain,Nirvana,Nevermind (Remastered),18,10,6,2,0,0,101,0
2025-01-03,75,NEW,Where Is Your Heart,Kelly Clarkson,Breakaway,18,10,6,2,0,0,101,0
2025-01-03,76,NEW,Rock n Roll,Avril Lavigne,Avril Lavigne (Expanded Edition),18,10,6,2,0,0,101,0
2025-01-03,77,NEW,The End.,My Chemical Romance,The Black Parade,18,10,6,2,0,0,101,0
2025-01-03,78,NEW,Platypus (I Hate You),Green Day,Nimrod,18,10,6,2,0,0,101,0
2025-01-03,79,NEW,Famous Last Words,My Chemical Romance,The Black Parade,18,10,6,2,0,0,101,0
2025-01-03,80,NEW,Boulevard of Broken Dreams,Green Day,American Idiot,18,10,6,2,0,0,101,0
2025-01-03,81,NEW,Castaway,Green Day,Warning,18,10,6,2,0,0,101,0
2025-01-03,82,NEW,Fancy Sauce,Green Day,Saviors,18,10,6,2,0,0,101,0
2025-01-03,83,NEW,Deadbeat Holiday,Green Day,Warning,18,10,6,2,0,0,101,0
2025-01-03,84,NEW,Strange Days Are Here to Stay,Green Day,Saviors,18,10,6,2,0,0,101,0
2025-01-03,85,NEW,Suzie Chapstick,Green Day,Saviors,18,10,6,2,0,0,101,0
2025-01-03,86,NEW,Real World,Matchbox Twenty,Yourself or Someone Like You,18,10,6,2,0,0,101,0
2025-01-03,87,NEW,1981,Green Day,Saviors,18,10,6,2,0,0,101,0
2025-01-03,88,NEW,Dilemma,Green Day,Saviors,18,10,6,2,0,0,101,0
2025-01-03,89,NEW,Church on Sunday,Green Day,Warning,18,10,6,2,0,0,101,0
2025-01-03,90,NEW,Living in the '20s,Green Day,Saviors,18,10,6,2,0,0,101,0
2025-01-03,91,NEW,3AM,Matchbox Twenty,Yourself or Someone Like You,18,10,6,2,0,0,101,0
2025-01-03,92,NEW,Father to a Son,Green Day,Saviors,18,10,6,2,0,0,101,0
2025-01-03,93,NEW,Look Ma No Brains!,Green Day,Saviors,18,10,6,2,0,0,101,0
2025-01-03,94,NEW,ordinary things (feat. Nonna),Ariana Grande,eternal sunshine,18,10,6,2,0,0,101,0
2025-01-03,95,NEW,imperfect for you,Ariana Grande,eternal sunshine,18,10,6,2,0,0,101,0
2025-01-03,96,NEW,we can't be friends (wait for your love),Ariana Grande,eternal sunshine,18,10,6,2,0,0,101,0
2025-01-03,97,NEW,yes and?,Ariana Grande,eternal sunshine,18,10,6,2,0,0,101,0
2025-01-03,98,NEW,the boy is mine,Ariana Grande,eternal sunshine,18,10,6,2,0,0,101,0
2025-01-03,99,NEW,true story,Ariana Grande,eternal sunshine,18,10,6,2,0,0,101,0
2025-01-03,100,NEW,supernatural,Ariana Grande,eternal sunshine,18,10,6,2,0,0,101,0
2025-01-10,1,+1,Read your Mind,Sabrina Carpenter,emails i can’t send fwd:,417,230,138,2,47,0,101,0
2025-01-10,2,+1,How You Get the Girl (Taylor's Version),Taylor Swift,1989 (Taylor's Version),381,210,126,2,43,0,101,0
2025-01-10,3,+4,Fast Times,Sabrina Carpenter,emails i can’t send fwd:,379,220,132,2,25,0,101,0
2025-01-10,4,+4,Fresh Out the Slammer,Taylor Swift,THE TORTURED POETS DEPARTMENT: THE ANTHOLOGY,361,210,126,2,23,0,101,0
2025-01-10,5,+1,All You Had to Do Was Stay (Taylor's Version),Taylor Swift,1989 (Taylor's Version),341,195,117,2,27,0,101,0
2025-01-10,6,+94,supernatural,Ariana Grande,eternal sunshine,312,190,114,2,6,0,101,0
2025-01-10,7,RE,don't wanna break up again,Ariana Grande,eternal sunshine,306,190,114,2,0,0,101,0
2025-01-10,8,+25,New Romantics (Taylor's Version),Taylor Swift,1989 (Taylor's Version),285,170,102,2,11,0,101,0
2025-01-10,9,-8,ไหล่เธอ (You’ve Got Ma Back) (เพลงประกอบซีรีส์ แฟนผมเป็นประธานนักเรียน My School President),Fourth,ไหล่เธอ (You’ve Got Ma Back) - Single,153,50,30,2,71,0,101,0
2025-01-10,10,RE,The Alchemy,Taylor Swift,THE TORTURED POETS DEPARTMENT: THE ANTHOLOGY,130,80,48,2,0,0,101,0
2025-01-10,11,-1,ง้อว (Smile Please) (เพลงประกอบซีรีส์ แฟนผมเป็นประธานนักเรียน My School President),Fourth,ง้อว (Smile Please) - Single,105,50,30,2,23,0,101,0
2025-01-10,12,-1,That's My Floor,Magdalena Bay,Imaginal Disk,103,50,30,2,21,0,101,0
2025-01-10,13,RE,Nice Guys Finish Last,Green Day,Nimrod,98,60,36,2,0,0,101,0
2025-01-10,14,-9,After LIKE,IVE,After LIKE,97,40,24,2,31,0,101,0
2025-01-10,15,RE,Breathless,The Corrs,In Blue,90,55,33,2,0,0,101,0
2025-01-10,16,+26,The Rock Show,blink-182,Take Off Your Pants and Jacket,90,50,30,2,8,0,101,0
2025-01-10,17,-8,Juno,Sabrina Carpenter,Short n' Sweet,89,40,24,2,23,0,101,0
2025-01-10,18,+55,Sugar We're Goin Down,Fall Out Boy,From Under the Cork Tree,88,50,30,2,6,0,101,0
2025-01-10,19,RE,Breakaway,Kelly Clarkson,Breakaway,82,50,30,2,0,0,101,0
2025-01-10,20,+9,Popular Song,Mika,Yours Truly,78,40,24,2,12,0,101,0
2025-01-10,21,RE,Lips of an Angel,Hinder,Extreme Behavior,74,45,27,2,0,0,101,0
2025-01-10,22,RE,Dead!,My Chemical Romance,The Black Parade,74,45,27,2,0,0,101,0
2025-01-10,23,+16,Every Time I Look For You,blink-182,Take Off Your Pants and Jacket,74,40,24,2,8,0,101,0
2025-01-10,24,-20,Begin Again (Taylor's Version),Taylor Swift,Red (Taylor's Version),70,20,12,2,36,0,101,0
2025-01-10,25,RE,Guilty as Sin?,Taylor Swift,THE TORTURED POETS DEPARTMENT: THE ANTHOLOGY,66,40,24,2,0,0,101,0
2025-01-10,26,RE,Dance Dance,Fall Out Boy,From Under the Cork Tree,66,40,24,2,0,0,101,0
2025-01-10,27,RE,What's My Age Again?,blink-182,Enema of the State,66,40,24,2,0,0,101,0
2025-01-10,28,RE,Easy,Stray Kids,GO LIVE,66,40,24,2,0,0,101,0
2025-01-10,29,RE,Shake It Off (Taylor's Version),Taylor Swift,1989 (Taylor's Version),66,40,24,2,0,0,101,0
2025-01-10,30,RE,Difficult,Gracie Abrams,Good Riddance (Deluxe),58,35,21,2,0,0,101,0
2025-01-10,31,RE,Full machine,Gracie Abrams,Good Riddance (Deluxe),58,35,21,2,0,0,101,0
2025-01-10,32,RE,Best,Gracie Abrams,Good Riddance (Deluxe),58,35,21,2,0,0,101,0
2025-01-10,33,-20,รักหน้าตาเหมือนเธอไหม (Love Love Love) (เพลงประกอบซีรีส์ Our Skyy แฟนผมเป็นประธานนักเรียน),Gemini,รักหน้าตาเหมือนเธอไหม (Love Love Love) - Single,54,20,12,2,20,0,101,0
2025-01-10,34,RE,I know it won't work,Gracie Abrams,Good Riddance (Deluxe),50,30,18,2,0,0,101,0
2025-01-10,35,RE,A Little Less Sixteen Candles a Little More Touch Me,Fall Out Boy,From Under the Cork Tree,48,30,12,6,0,0,101,0
2025-01-10,36,+57,Look Ma No Brains!,Green Day,Saviors,48,25,15,2,6,0,101,0
2025-01-10,37,RE,Recess,Melanie Martinez,K-12,42,25,15,2,0,0,101,0
2025-01-10,38,RE,Teacher's Pet,Melanie Martinez,K-12,42,25,15,2,0,0,101,0
2025-01-10,39,RE,Wheels on the Bus,Melanie Martinez,K-12,42,25,15,2,0,0,101,0
2025-01-10,40,RE,Tag You're It,Melanie Martinez,Cry Baby (Deluxe Edition),42,25,15,2,0,0,101,0
2025-01-10,41,RE,Soap,Melanie Martinez,Cry Baby (Deluxe Edition),42,25,15,2,0,0,101,0
2025-01-10,42,-6,Unwell,Matchbox Twenty,More Than You Think You Are,42,20,12,2,8,0,101,0
2025-01-10,43,-13,Scattered,Green Day,Nimrod,38,15,9,2,12,0,101,0
2025-01-10,44,RE,pretty isn’t pretty,Olivia Rodrigo,GUTS,34,20,12,2,0,0,101,0
2025-01-10,45,RE,love is embarrassing,Olivia Rodrigo,GUTS,34,20,12,2,0,0,101,0
2025-01-10,46,RE,get him back!,Olivia Rodrigo,GUTS,34,20,12,2,0,0,101,0
2025-01-10,47,+49,we can't be friends (wait for your love),Ariana Grande,eternal sunshine,32,15,9,2,6,0,101,0
2025-01-10,48,+19,She's a Rebel,Green Day,American Idiot (20th Anniversary Deluxe Edition),64,35,21,2,6,0,101,0
2025-01-10,49,+31,Boulevard of Broken Dreams,Green Day,American Idiot (20th Anniversary Deluxe Edition),64,35,21,2,6,0,101,0
2025-01-10,50,-30,All the Time,Green Day,Nimrod,32,10,6,2,14,0,101,0
2025-01-10,51,-24,She's So Mean,Matchbox Twenty,North (Deluxe Edition),30,10,6,2,12,0,101,0
2025-01-10,52,+27,Famous Last Words,My Chemical Romance,The Black Parade,24,10,6,2,6,0,101,0
2025-01-10,53,+38,3AM,Matchbox Twenty,Yourself or Someone Like You,24,10,6,2,6,0,101,0
2025-01-10,54,+3,Oh Love,Green Day,¡Uno!,24,10,6,2,6,0,101,0
2025-01-10,55,+15,Worry Rock,Green Day,Nimrod,24,10,6,2,6,0,101,0
2025-01-10,56,-35,Redundant,Green Day,Nimrod,24,5,3,2,14,0,101,0
2025-01-10,57,-31,Tunnel Vision,Magdalena Bay,Imaginal Disk,23,5,3,2,13,0,101,0
2025-01-10,58,-34,Death & Romance,Magdalena Bay,Imaginal Disk,23,5,3,2,13,0,101,0
2025-01-10,59,-34,Image,Magdalena Bay,Imaginal Disk,23,5,3,2,13,0,101,0
2025-01-10,60,-32,Minority,Green Day,Warning,22,5,3,2,12,0,101,0
2025-01-10,61,-20,Stay Together for the Kids,blink-182,Take Off Your Pants and Jacket,18,5,3,2,8,0,101,0
2025-01-10,62,-17,Happy Holidays You Bastard,blink-182,Take Off Your Pants and Jacket,18,5,3,2,8,0,101,0
2025-01-10,63,-16,Reckless Abandon,blink-182,Take Off Your Pants and Jacket,18,5,3,2,8,0,101,0
2025-01-10,64,-16,First Date,blink-182,Take Off Your Pants and Jacket,18,5,3,2,8,0,101,0
2025-01-10,65,-13,Saviors,Green Day,Saviors,18,5,3,2,8,0,101,0
2025-01-10,66,-29,The American Dream Is Killing Me,Green Day,Saviors,18,5,3,2,8,0,101,0
2025-01-10,67,-24,Shut Up,blink-182,Take Off Your Pants and Jacket,18,5,3,2,8,0,101,0
2025-01-10,68,-8,House of Wolves,My Chemical Romance,The Black Parade,16,5,3,2,6,0,101,0
2025-01-10,69,+7,Rock n Roll,Avril Lavigne,Avril Lavigne (Expanded Edition),16,5,3,2,6,0,101,0
2025-01-10,70,-12,Graffitia,Green Day,Father of All...,16,5,3,2,6,0,101,0
2025-01-10,71,+14,Suzie Chapstick,Green Day,Saviors,16,5,3,2,6,0,101,0
2025-01-10,72,-10,Song of the Century,Green Day,21st Century Breakdown,16,5,3,2,6,0,101,0
2025-01-10,73,-18,Know Your Enemy,Green Day,21st Century Breakdown,16,5,3,2,6,0,101,0
2025-01-10,74,+14,Dilemma,Green Day,Saviors,16,5,3,2,6,0,101,0
2025-01-10,75,-10,Hold On,Green Day,Warning,16,5,3,2,6,0,101,0
2025-01-10,76,+6,Fancy Sauce,Green Day,Saviors,16,5,3,2,6,0,101,0
2025-01-10,77,+1,Platypus (I Hate You),Green Day,Nimrod,16,5,3,2,6,0,101,0
2025-01-10,78,-17,Losing Grip,Avril Lavigne,Let Go,16,5,3,2,6,0,101,0
2025-01-10,79,-10,Mutt,blink-182,Enema of the State,16,5,3,2,6,0,101,0
2025-01-10,80,+6,Real World,Matchbox Twenty,Yourself or Someone Like You,16,5,3,2,6,0,101,0
2025-01-10,81,+11,Father to a Son,Green Day,Saviors,16,5,3,2,6,0,101,0
2025-01-10,82,+7,Church on Sunday,Green Day,Warning,16,5,3,2,6,0,101,0
2025-01-17,1,+14,Breathless,The Corrs,In Blue,229,125,75,2,27,0,101,0
2025-01-17,2,=,How You Get the Girl (Taylor's Version),Taylor Swift,1989 (Taylor's Version),225,50,30,2,115,29,101,0
2025-01-17,3,-2,Read your Mind,Sabrina Carpenter,emails i can’t send fwd:,222,40,24,2,126,31,101,0
2025-01-17,4,-1,Fast Times,Sabrina Carpenter,emails i can’t send fwd:,205,45,27,2,114,17,101,0
2025-01-17,5,+4,ไหล่เธอ (You’ve Got Ma Back) (เพลงประกอบซีรีส์ แฟนผมเป็นประธานนักเรียน My School President),Fourth,ไหล่เธอ (You’ve Got Ma Back) - Single,199,65,39,2,46,47,101,0
2025-01-17,6,-1,All You Had to Do Was Stay (Taylor's Version),Taylor Swift,1989 (Taylor's Version),195,45,27,2,103,18,101,0
2025-01-17,7,+1,New Romantics (Taylor's Version),Taylor Swift,1989 (Taylor's Version),167,45,27,2,86,7,101,0
2025-01-17,8,+3,ง้อว (Smile Please) (เพลงประกอบซีรีส์ แฟนผมเป็นประธานนักเรียน My School President),Fourth,ง้อว (Smile Please) - Single,159,70,36,6,32,15,101,0
2025-01-17,9,-5,Fresh Out the Slammer,Taylor Swift,THE TORTURED POETS DEPARTMENT: THE ANTHOLOGY,158,20,12,2,109,15,101,0
2025-01-17,10,RE,Way Back Into Love,Hugh Grant,Music And Lyrics - Music From and Inspired By The Motion Picture (International Release),154,95,57,2,0,0,101,0
2025-01-17,11,-5,supernatural,Ariana Grande,eternal sunshine,132,20,12,2,94,4,101,0
2025-01-17,12,+4,The Rock Show,blink-182,Take Off Your Pants and Jacket,131,60,36,2,27,6,101,0
2025-01-17,13,-6,don't wanna break up again,Ariana Grande,eternal sunshine,126,20,12,2,92,0,101,0
2025-01-17,14,+19,รักหน้าตาเหมือนเธอไหม (Love Love Love) (เพลงประกอบซีรีส์ Our Skyy แฟนผมเป็นประธานนักเรียน),Gemini,รักหน้าตาเหมือนเธอไหม (Love Love Love) - Single,120,55,33,2,17,14,101,0
2025-01-17,15,-3,That's My Floor,Magdalena Bay,Imaginal Disk,119,45,27,2,31,14,101,0
2025-01-17,16,+7,Every Time I Look For You,blink-182,Take Off Your Pants and Jacket,94,40,24,2,23,6,101,0
2025-01-17,17,RE,Fat Lip,Sum 41,All Killer No Filler,90,55,33,2,0,0,101,0
2025-01-17,18,RE,Motivation,Sum 41,All Killer No Filler,86,50,30,2,0,4,101,0
2025-01-17,19,RE,Pose,Red Velvet,Queendom - The 6th Mini Album,84,55,15,14,0,0,101,0
2025-01-17,20,-6,After LIKE,IVE,After LIKE,84,20,12,2,30,21,101,0
2025-01-17,21,+36,Tunnel Vision,Magdalena Bay,Imaginal Disk,82,40,24,2,7,9,101,0
2025-01-17,22,+36,Death & Romance,Magdalena Bay,Imaginal Disk,82,40,24,2,7,9,101,0
2025-01-17,23,+36,Image,Magdalena Bay,Imaginal Disk,82,40,24,2,7,9,101,0
2025-01-17,24,-3,Lips of an Angel,Hinder,Extreme Behavior,80,35,18,4,23,0,101,0
2025-01-17,25,RE,Naturally,Selena Gomez & the Scene,Kiss & Tell,78,50,18,10,0,0,101,0
2025-01-17,26,=,Dance Dance,Fall Out Boy,From Under the Cork Tree,78,35,21,2,20,0,101,0
2025-01-17,27,-5,Dead!,My Chemical Romance,The Black Parade,73,30,18,2,23,0,101,0
2025-01-17,28,-10,Sugar We're Goin Down,Fall Out Boy,From Under the Cork Tree,72,25,15,2,27,4,101,0
2025-01-17,29,-16,Nice Guys Finish Last,Green Day,Nimrod,72,25,15,2,30,0,101,0
2025-01-17,30,-11,Breakaway,Kelly Clarkson,Breakaway,67,25,15,2,25,0,101,0
2025-01-17,31,-4,What's My Age Again?,blink-182,Enema of the State,62,25,15,2,20,0,101,0
2025-01-17,32,+35,Shut Up,blink-182,Take Off Your Pants and Jacket,61,30,18,2,6,6,101,0
2025-01-17,33,+14,we can't be friends (wait for your love),Ariana Grande,eternal sunshine,56,25,15,2,10,4,101,0
2025-01-17,34,RE,Summer Paradise,Simple Plan,Summer Paradise,55,25,15,2,0,13,101,0
2025-01-17,35,-7,Easy,Stray Kids,GO LIVE,54,20,12,2,20,0,101,0
2025-01-17,36,+25,Stay Together for the Kids,blink-182,Take Off Your Pants and Jacket,53,25,15,2,6,6,101,0
2025-01-17,37,+25,Happy Holidays You Bastard,blink-182,Take Off Your Pants and Jacket,53,25,15,2,6,6,101,0
2025-01-17,38,+13,She's So Mean,Matchbox Twenty,North (Deluxe Edition),51,20,12,2,9,8,101,0
2025-01-17,39,RE,Lucky,Britney Spears,Oops!... I Did It Again,50,30,18,2,0,0,101,0
2025-01-17,40,RE,Shape of My Heart,Backstreet Boys,Black & Blue,50,30,18,2,0,0,101,0
2025-01-17,41,RE,Sway,Bic Runga,Drive,50,30,18,2,0,0,101,0
2025-01-17,42,RE,Tell Me Something I Don't Know,Selena Gomez & the Scene,Kiss & Tell,50,30,18,2,0,0,101,0
2025-01-17,43,+20,Reckless Abandon,blink-182,Take Off Your Pants and Jacket,45,20,12,2,6,6,101,0
2025-01-17,44,-2,Unwell,Matchbox Twenty,More Than You Think You Are,44,15,9,2,13,6,101,0
2025-01-17,45,RE,bye,Ariana Grande,eternal sunshine,42,25,15,2,0,0,101,0
2025-01-17,46,RE,Online Songs,blink-182,Take Off Your Pants and Jacket,40,20,12,2,0,6,101,0
2025-01-17,47,RE,Anthem Part Two,blink-182,Take Off Your Pants and Jacket,40,20,12,2,0,6,101,0
2025-01-17,48,-7,Soap,Melanie Martinez,Cry Baby (Deluxe Edition),39,15,9,2,13,0,101,0
2025-01-17,49,RE,Hit That Drum,Red Velvet,Summer Magic - Summer Mini Album,38,25,3,10,0,0,101,0
2025-01-17,50,RE,1981,Green Day,Saviors,38,20,12,2,0,4,101,0
2025-01-17,51,+15,The American Dream Is Killing Me,Green Day,Saviors,37,15,9,2,6,6,101,0
2025-01-17,52,+1,3AM,Matchbox Twenty,Yourself or Someone Like You,37,15,9,2,8,4,101,0
2025-01-17,53,+11,First Date,blink-182,Take Off Your Pants and Jacket,37,15,9,2,6,6,101,0
2025-01-17,54,-11,Scattered,Green Day,Nimrod,37,10,6,2,12,8,101,0
2025-01-17,55,-19,Look Ma No Brains!,Green Day,Saviors,36,10,6,2,15,4,101,0
2025-01-17,56,+25,Father to a Son,Green Day,Saviors,35,15,9,2,5,4,101,0
2025-01-17,57,+17,Dilemma,Green Day,Saviors,35,15,9,2,5,4,101,0
2025-01-17,58,+20,Losing Grip,Avril Lavigne,Let Go,35,15,9,2,5,4,101,0
2025-01-17,59,RE,Letterbomb,Green Day,American Idiot,34,20,12,2,0,0,101,0
2025-01-17,60,RE,Umpah Umpah,Red Velvet,‘The ReVe Festival’ Day 2,34,20,12,2,0,0,101,0
2025-01-17,61,RE,My Second Date,Red Velvet,Perfect Velvet - The 2nd Album,34,20,12,2,0,0,101,0
2025-01-17,62,RE,Don't U Wait No More,Red Velvet,The Red - The 1st Album,34,20,12,2,0,0,101,0
2025-01-17,63,RE,My Boy Only Breaks His Favorite Toys,Taylor Swift,THE TORTURED POETS DEPARTMENT: THE ANTHOLOGY,34,20,12,2,0,0,101,0
2025-01-17,64,RE,Please Take Me Home,blink-182,Take Off Your Pants and Jacket,34,20,12,2,0,0,101,0
2025-01-17,65,RE,Give Me One Good Reason,blink-182,Take Off Your Pants and Jacket,34,20,12,2,0,0,101,0
2025-01-17,66,RE,Story of a Lonely Guy,blink-182,Take Off Your Pants and Jacket,34,20,12,2,0,0,101,0
2025-01-17,67,RE,Watching T.V.,Magdalena Bay,Imaginal Disk,33,20,9,4,0,0,101,0
2025-01-17,68,RE,Roller Coaster,blink-182,Take Off Your Pants and Jacket,33,15,9,2,0,7,101,0
2025-01-17,69,-21,She's a Rebel,Green Day,American Idiot (20th Anniversary Deluxe Edition),48,20,12,2,10,4,101,0
2025-01-17,70,-21,Boulevard of Broken Dreams,Green Day,American Idiot (20th Anniversary Deluxe Edition),48,20,12,2,10,4,101,0
2025-01-17,71,RE,You Found Me,Kelly Clarkson,Breakaway,30,15,9,2,0,4,101,0
2025-01-17,72,RE,Deadbeat Holiday,Green Day,Warning,30,15,9,2,0,4,101,0
2025-01-17,73,RE,Strange Days Are Here to Stay,Green Day,Saviors,30,15,9,2,0,4,101,0
2025-01-17,74,-24,All the Time,Green Day,Nimrod,29,5,3,2,10,10,101,0
2025-01-17,75,-10,Saviors,Green Day,Saviors,29,10,6,2,6,5,101,0
2025-01-17,76,-22,Oh Love,Green Day,¡Uno!,29,10,6,2,8,4,101,0
2025-01-17,77,-22,Worry Rock,Green Day,Nimrod,29,10,6,2,8,4,101,0
2025-01-17,78,-7,Suzie Chapstick,Green Day,Saviors,27,10,6,2,5,4,101,0
2025-01-17,79,-3,Fancy Sauce,Green Day,Saviors,27,10,6,2,5,4,101,0
2025-01-17,80,-5,Hold On,Green Day,Warning,27,10,6,2,5,4,101,0
2025-01-17,81,-25,Redundant,Green Day,Nimrod,27,5,3,2,8,10,101,0
2025-01-17,82,RE,Murder City,Green Day,21st Century Breakdown,26,15,9,2,0,0,101,0
2025-01-17,83,RE,Walk Away,Kelly Clarkson,Breakaway,26,15,9,2,0,0,101,0
2025-01-17,84,RE,Can't Stop,Red Hot Chili Peppers,By the Way (Deluxe Edition),26,15,9,2,0,0,101,0
2025-01-17,85,RE,Back in the USA,Green Day,Greatest Hits: God's Favorite Band,26,15,9,2,0,0,101,0
2025-01-17,86,RE,Come as You Are,Nirvana,Nevermind (Remastered),26,15,9,2,0,0,101,0
2025-01-17,87,RE,Brutal Love,Green Day,¡Tré!,26,15,9,2,0,0,101,0
2025-01-17,88,-28,Minority,Green Day,Warning,25,5,3,2,7,8,101,0
2025-01-17,89,-54,A Little Less Sixteen Candles a Little More Touch Me,Fall Out Boy,From Under the Cork Tree,25,5,3,2,15,0,101,0
2025-01-17,90,RE,Fashion Victim,Green Day,Warning,24,10,6,2,0,6,101,0
2025-01-17,91,RE,เพลงรัก (Hook) (เพลงประกอบซีรีส์ แฟนผมเป็นประธานนักเรียน My School President),Gemini,เพลงรัก (Hook) - Single,24,5,3,2,0,14,101,0
2025-01-17,92,RE,This Is How I Disappear,My Chemical Romance,The Black Parade,22,10,6,2,0,4,101,0
2025-01-17,93,RE,Thank You for the Venom,My Chemical Romance,Three Cheers for Sweet Revenge,22,10,6,2,0,4,101,0
2025-01-17,94,RE,Where Is Your Heart,Kelly Clarkson,Breakaway,22,10,6,2,0,4,101,0
2025-01-17,95,RE,On a Plain,Nirvana,Nevermind (Remastered),22,10,6,2,0,4,101,0
2025-01-17,96,RE,Last of the American Girls,Green Day,21st Century Breakdown,22,10,6,2,0,4,101,0
2025-01-17,97,RE,Last Night on Earth,Green Day,21st Century Breakdown,22,10,6,2,0,4,101,0
2025-01-17,98,-46,Famous Last Words,My Chemical Romance,The Black Parade,21,5,3,2,8,4,101,0
2025-01-17,99,RE,ก้อนหินกับดวงดาว (Rock & Star) (เพลงประกอบซีรีส์ แฟนผมเป็นประธานนักเรียน My School President),Fourth,ก้อนหินกับดวงดาว (Rock & Star) - Single,20,5,3,2,0,10,101,0
2025-01-17,100,-31,Rock n Roll,Avril Lavigne,Avril Lavigne (Expanded Edition),19,5,3,2,5,4,101,0
2025-01-17,101,-28,Know Your Enemy,Green Day,21st Century Breakdown,19,5,3,2,5,4,101,0
2025-01-17,102,-32,Graffitia,Green Day,Father of All...,19,5,3,2,5,4,101,0
2025-01-17,103,-35,House of Wolves,My Chemical Romance,The Black Parade,19,5,3,2,5,4,101,0
2025-01-17,104,-24,Real World,Matchbox Twenty,Yourself or Someone Like You,19,5,3,2,5,4,101,0
2025-01-17,105,-23,Church on Sunday,Green Day,Warning,19,5,3,2,5,4,101,0
2025-01-17,106,-29,Platypus (I Hate You),Green Day,Nimrod,19,5,3,2,5,4,101,0
2025-01-17,107,RE,เพื่อนเล่น ไม่เล่นเพื่อน (Cover Version) (เพลงประกอบซีรีส์ แฟนผมเป็นประธานนักเรียน My School President),Fourth,เพื่อนเล่น ไม่เล่นเพื่อน (Cover Version) - Single,19,5,3,2,0,9,101,0
2025-01-17,108,RE,Dirty Little Secret,The All-American Rejects,Move Along,17,5,3,2,0,7,101,0
2025-01-17,109,RE,อยากร้องดังดัง (Cover Version) (เพลงประกอบซีรีส์ แฟนผมเป็นประธานนักเรียน My School President),Fourth,อยากร้องดังดัง (Cover Version) - Single,17,5,3,2,0,7,101,0
2025-01-17,110,RE,Blood Sex and Booze,Green Day,Warning,16,5,3,2,0,6,101,0
2025-01-17,111,RE,Living in the '20s,Green Day,Saviors,14,5,3,2,0,4,101,0
2025-01-17,112,RE,Castaway,Green Day,Warning,14,5,3,2,0,4,101,0
2025-01-17,113,RE,Girlfriend,Avril Lavigne,The Best Damn Thing (Expanded Edition),14,5,3,2,0,4,101,0
2025-01-17,114,RE,Save Yourself I'll Hold Them Back,My Chemical Romance,Danger Days: The True Lives of the Fabulous Killjoys,14,5,3,2,0,4,101,0
2025-01-17,115,RE,The End.,My Chemical Romance,The Black Parade,14,5,3,2,0,4,101,0
2025-01-17,116,RE,Jesus of Suburbia,Green Day,American Idiot,14,5,3,2,0,4,101,0
2025-01-24,1,RE,NEXT PAGE,TWICE,TWICEcoaster: LANE 1,522,340,174,8,0,0,101,0
2025-01-24,2,RE,Supersonic,fromis_9,Supersonic,322,245,33,44,0,0,101,0
2025-01-24,3,RE,PIT-A-PAT,TWICE,TWICEcoaster: LANE 1,306,190,114,2,0,0,101,0
2025-01-24,4,RE,1 TO 10,TWICE,TWICEcoaster: LANE 1,297,185,108,4,0,0,101,0
2025-01-24,5,RE,PONYTAIL,TWICE,TWICEcoaster: LANE 1,282,175,105,2,0,0,101,0
2025-01-24,6,+11,Fat Lip,Sum 41,All Killer No Filler,244,135,78,4,27,0,101,0
2025-01-24,7,-4,Read your Mind,Sabrina Carpenter,emails i can’t send fwd:,216,40,24,2,67,84,101,0
2025-01-24,8,+10,Motivation,Sum 41,All Killer No Filler,212,115,69,2,26,0,101,0
2025-01-24,9,-5,Fast Times,Sabrina Carpenter,emails i can’t send fwd:,204,40,24,2,62,76,101,0
2025-01-24,10,-8,How You Get the Girl (Taylor's Version),Taylor Swift,1989 (Taylor's Version),202,35,21,2,68,77,101,0
2025-01-24,11,-5,All You Had to Do Was Stay (Taylor's Version),Taylor Swift,1989 (Taylor's Version),185,35,21,2,59,69,101,0
2025-01-24,12,-5,New Romantics (Taylor's Version),Taylor Swift,1989 (Taylor's Version),166,35,21,2,51,57,101,0
2025-01-24,13,+8,Tunnel Vision,Magdalena Bay,Imaginal Disk,148,75,33,10,25,5,101,0
2025-01-24,14,-5,Fresh Out the Slammer,Taylor Swift,THE TORTURED POETS DEPARTMENT: THE ANTHOLOGY,146,15,9,2,48,73,101,0
2025-01-24,15,=,That's My Floor,Magdalena Bay,Imaginal Disk,139,50,30,2,36,21,101,0
2025-01-24,16,-15,Breathless,The Corrs,In Blue,121,20,12,2,69,18,101,0
2025-01-24,17,-6,supernatural,Ariana Grande,eternal sunshine,120,10,6,2,40,63,101,0
2025-01-24,18,+4,Death & Romance,Magdalena Bay,Imaginal Disk,112,50,30,2,25,5,101,0
2025-01-24,19,+4,Image,Magdalena Bay,Imaginal Disk,112,50,30,2,25,5,101,0
2025-01-24,20,-15,ไหล่เธอ (You’ve Got Ma Back) (เพลงประกอบซีรีส์ แฟนผมเป็นประธานนักเรียน My School President),Fourth,ไหล่เธอ (You’ve Got Ma Back) - Single,109,10,6,2,60,31,101,0
2025-01-24,21,-5,Every Time I Look For You,blink-182,Take Off Your Pants and Jacket,101,35,21,2,29,15,101,0
2025-01-24,22,-14,ง้อว (Smile Please) (เพลงประกอบซีรีส์ แฟนผมเป็นประธานนักเรียน My School President),Fourth,ง้อว (Smile Please) - Single,95,15,9,2,48,21,101,0
2025-01-24,23,+6,Nice Guys Finish Last,Green Day,Nimrod,92,30,18,2,22,20,101,0
2025-01-24,24,+3,Dead!,My Chemical Romance,The Black Parade,87,30,18,2,22,15,101,0
2025-01-24,25,+40,Give Me One Good Reason,blink-182,Take Off Your Pants and Jacket,85,45,27,2,11,0,101,0
2025-01-24,26,+41,Watching T.V.,Magdalena Bay,Imaginal Disk,84,45,27,2,10,0,101,0
2025-01-24,27,-8,Pose,Red Velvet,Queendom - The 6th Mini Album,84,35,21,2,26,0,101,0
2025-01-24,28,-16,The Rock Show,blink-182,Take Off Your Pants and Jacket,84,15,9,2,40,18,101,0
2025-01-24,29,RE,The Ballad Of Matt & Mica,Magdalena Bay,Imaginal Disk,82,50,30,2,0,0,101,0
2025-01-24,30,RE,Angel On A Satellite,Magdalena Bay,Imaginal Disk,82,50,30,2,0,0,101,0
2025-01-24,31,RE,Cry For Me,Magdalena Bay,Imaginal Disk,82,50,30,2,0,0,101,0
2025-01-24,32,RE,Feeling Diskinserted?,Magdalena Bay,Imaginal Disk,82,50,30,2,0,0,101,0
2025-01-24,33,RE,Love Is Everywhere,Magdalena Bay,Imaginal Disk,82,50,30,2,0,0,101,0
2025-01-24,34,RE,Vampire In The Corner,Magdalena Bay,Imaginal Disk,82,50,30,2,0,0,101,0
2025-01-24,35,RE,Fear Sex,Magdalena Bay,Imaginal Disk,82,50,30,2,0,0,101,0
2025-01-24,36,RE,True Blue Interlude,Magdalena Bay,Imaginal Disk,82,50,30,2,0,0,101,0
2025-01-24,37,RE,Killing Time,Magdalena Bay,Imaginal Disk,82,50,30,2,0,0,101,0
2025-01-24,38,RE,She Looked Like Me!,Magdalena Bay,Imaginal Disk,82,50,30,2,0,0,101,0
2025-01-24,39,-8,What's My Age Again?,blink-182,Enema of the State,82,30,18,2,19,14,101,0
2025-01-24,40,-30,Way Back Into Love,Hugh Grant,Music And Lyrics - Music From and Inspired By The Motion Picture (International Release),81,20,12,2,47,0,101,0
2025-01-24,41,-17,Lips of an Angel,Hinder,Extreme Behavior,81,25,15,2,24,15,101,0
2025-01-24,42,-12,Breakaway,Kelly Clarkson,Breakaway,79,25,15,2,21,17,101,0
2025-01-24,43,-17,Dance Dance,Fall Out Boy,From Under the Cork Tree,79,25,15,2,24,14,101,0
2025-01-24,44,RE,closure,Taylor Swift,evermore,73,45,24,4,0,0,101,0
2025-01-24,45,RE,Style (Taylor's Version),Taylor Swift,1989 (Taylor's Version),73,50,3,20,0,0,101,0
2025-01-24,46,-32,รักหน้าตาเหมือนเธอไหม (Love Love Love) (เพลงประกอบซีรีส์ Our Skyy แฟนผมเป็นประธานนักเรียน),Gemini,รักหน้าตาเหมือนเธอไหม (Love Love Love) - Single,73,15,9,2,36,11,101,0
2025-01-24,47,-15,Shut Up,blink-182,Take Off Your Pants and Jacket,72,30,18,2,19,4,101,0
2025-01-24,48,-28,After LIKE,IVE,After LIKE,71,15,9,2,26,20,101,0
2025-01-24,49,-13,Stay Together for the Kids,blink-182,Take Off Your Pants and Jacket,70,30,18,2,16,4,101,0
2025-01-24,50,+14,Please Take Me Home,blink-182,Take Off Your Pants and Jacket,69,35,21,2,11,0,101,0
2025-01-24,51,-23,Sugar We're Goin Down,Fall Out Boy,From Under the Cork Tree,66,15,9,2,22,18,101,0
2025-01-24,52,-17,Easy,Stray Kids,GO LIVE,64,20,12,2,17,14,101,0
2025-01-24,53,-6,Anthem Part Two,blink-182,Take Off Your Pants and Jacket,62,30,18,2,12,0,101,0
2025-01-24,54,-8,Online Songs,blink-182,Take Off Your Pants and Jacket,62,30,18,2,12,0,101,0
2025-01-24,55,-18,Happy Holidays You Bastard,blink-182,Take Off Your Pants and Jacket,62,25,15,2,16,4,101,0
2025-01-24,56,+10,Story of a Lonely Guy,blink-182,Take Off Your Pants and Jacket,61,30,18,2,11,0,101,0
2025-01-24,57,RE,ONE IN A MILLION,TWICE,TWICEcoaster: LANE 1,58,35,21,2,0,0,101,0
2025-01-24,58,RE,Strategy,TWICE,Strategy,58,35,21,2,0,0,101,0
2025-01-24,59,RE,Magical,TWICE,Strategy,58,35,21,2,0,0,101,0
2025-01-24,60,RE,Keeper,TWICE,Strategy,58,35,21,2,0,0,101,0
2025-01-24,61,RE,Sweetest Obsession,TWICE,Strategy,58,35,21,2,0,0,101,0
2025-01-24,62,RE,Like It Like It,TWICE,Strategy,58,35,21,2,0,0,101,0
2025-01-24,63,RE,Kiss My Troubles Away,TWICE,Strategy,58,35,21,2,0,0,101,0
2025-01-24,64,RE,Strategy (feat. Megan Thee Stallion),TWICE,Strategy,58,35,21,2,0,0,101,0
2025-01-24,65,-32,we can't be friends (wait for your love),Ariana Grande,eternal sunshine,58,20,12,2,17,7,101,0
2025-01-24,66,-21,bye,Ariana Grande,eternal sunshine,55,25,15,2,13,0,101,0
2025-01-24,67,-24,Reckless Abandon,blink-182,Take Off Your Pants and Jacket,52,20,12,2,14,4,101,0
2025-01-24,68,=,Roller Coaster,blink-182,Offset,20,5,3,2,10,0,101,0
2025-01-24,69,-16,First Date,blink-182,Take Off Your Pants and Jacket,41,15,9,2,12,4,101,0
2025-01-24,70,-7,My Boy Only Breaks His Favorite Toys,Taylor Swift,THE TORTURED POETS DEPARTMENT: THE ANTHOLOGY,37,15,9,2,11,0,101,0
2025-01-24,71,RE,Juno,Sabrina Carpenter,Short n' Sweet,36,10,6,2,0,18,101,0
2025-01-24,72,-34,She's So Mean,Matchbox Twenty,North (Deluxe Edition),32,5,3,2,16,6,101,0
2025-01-24,73,RE,Wonderland (Taylor's Version),Taylor Swift,1989 (Taylor's Version),31,20,3,8,0,0,101,0
2025-01-24,74,+4,Suzie Chapstick,Green Day,Saviors,30,10,6,2,9,4,101,0
2025-01-24,75,-13,Don't U Wait No More,Red Velvet,The Red - The 1st Album,29,10,6,2,11,0,101,0
2025-01-24,76,-15,My Second Date,Red Velvet,Perfect Velvet - The 2nd Album,29,10,6,2,11,0,101,0
2025-01-24,77,+12,A Little Less Sixteen Candles a Little More Touch Me,Fall Out Boy,From Under the Cork Tree,28,5,3,2,8,10,101,0
2025-01-24,78,+25,House of Wolves,My Chemical Romance,The Black Parade,27,10,6,2,6,4,101,0
2025-01-24,79,-10,She's a Rebel,Green Day,American Idiot (20th Anniversary Deluxe Edition),26,5,3,2,10,7,101,0
2025-01-24,80,-29,The American Dream Is Killing Me,Green Day,Saviors,25,5,3,2,12,4,101,0
2025-01-24,81,+12,Thank You for the Venom,My Chemical Romance,Three Cheers for Sweet Revenge,25,10,6,2,7,0,101,0
2025-01-24,82,-6,Oh Love,Green Day,¡Uno!,24,5,3,2,9,5,101,0
2025-01-24,83,+25,Dirty Little Secret,The All-American Rejects,Move Along,24,10,6,2,6,0,101,0
2025-01-24,84,-7,Worry Rock,Green Day,Nimrod,24,5,3,2,9,5,101,0
2025-01-24,85,+29,Save Yourself I'll Hold Them Back,My Chemical Romance,Danger Days: The True Lives of the Fabulous Killjoys,23,10,6,2,5,0,101,0
2025-01-24,86,-5,Redundant,Green Day,Nimrod,23,5,3,2,9,5,101,0
2025-01-24,87,+23,Blood Sex and Booze,Green Day,Warning,23,10,6,2,5,0,101,0
2025-01-24,88,-8,Hold On,Green Day,Warning,22,5,3,2,9,4,101,0
2025-01-24,89,+9,Famous Last Words,My Chemical Romance,The Black Parade,22,5,3,2,7,5,101,0
2025-01-24,90,-2,Minority,Green Day,Warning,22,5,3,2,8,5,101,0
2025-01-24,91,-12,Fancy Sauce,Green Day,Saviors,22,5,3,2,9,4,101,0
2025-01-24,92,-33,Letterbomb,Green Day,American Idiot,21,5,3,2,11,0,101,0
2025-01-24,93,-21,Deadbeat Holiday,Green Day,Warning,19,5,3,2,9,0,101,0
2025-01-24,94,+7,Know Your Enemy,Green Day,21st Century Breakdown,19,5,3,2,6,4,101,0
2025-01-24,95,+9,Real World,Matchbox Twenty,Yourself or Someone Like You,19,5,3,2,6,4,101,0
2025-01-24,96,+10,Platypus (I Hate You),Green Day,Nimrod,19,5,3,2,6,4,101,0
2025-01-24,97,-15,Murder City,Green Day,21st Century Breakdown,18,5,3,2,8,0,101,0
2025-01-24,98,-15,Walk Away,Kelly Clarkson,Breakaway,18,5,3,2,8,0,101,0
2025-01-24,99,-14,Back in the USA,Green Day,Greatest Hits: God's Favorite Band,18,5,3,2,8,0,101,0
2025-01-24,100,-8,This Is How I Disappear,My Chemical Romance,The Black Parade,17,5,3,2,7,0,101,0
2025-01-24,101,-7,Where Is Your Heart,Kelly Clarkson,Breakaway,17,5,3,2,7,0,101,0
2025-01-24,102,-5,Last Night on Earth,Green Day,21st Century Breakdown,17,5,3,2,7,0,101,0
2025-01-24,103,-7,Last of the American Girls,Green Day,21st Century Breakdown,17,5,3,2,7,0,101,0
2025-01-24,104,+11,The End.,My Chemical Romance,The Black Parade,15,5,3,2,5,0,101,0
2025-01-24,105,RE,Wish You Were Here,Avril Lavigne,Goodbye Lullaby (Expanded Edition),10,5,3,2,0,0,101,0
2025-01-31,1,=,NEXT PAGE,TWICE,TWICEcoaster: LANE 1,206,30,15,4,157,0,101,0
2025-01-31,2,+6,Motivation,Sum 41,All Killer No Filler,167,55,21,10,64,18,101,0
2025-01-31,3,+3,Fat Lip,Sum 41,All Killer No Filler,166,45,27,2,74,18,101,0
2025-01-31,4,-2,Supersonic,fromis_9,Supersonic,151,35,9,10,97,0,101,0
2025-01-31,5,+5,How You Get the Girl (Taylor's Version),Taylor Swift,1989 (Taylor's Version),140,20,12,2,61,45,101,0
2025-01-31,6,+1,Read your Mind,Sabrina Carpenter,emails i can’t send fwd:,136,15,9,2,65,45,101,0
2025-01-31,7,+2,Fast Times,Sabrina Carpenter,emails i can’t send fwd:,129,15,9,2,62,41,101,0
2025-01-31,8,+3,All You Had to Do Was Stay (Taylor's Version),Taylor Swift,1989 (Taylor's Version),121,15,9,2,56,39,101,0
2025-01-31,9,-6,PIT-A-PAT,TWICE,TWICEcoaster: LANE 1,110,10,6,2,92,0,101,0
2025-01-31,10,+2,New Romantics (Taylor's Version),Taylor Swift,1989 (Taylor's Version),110,15,9,2,50,34,101,0
2025-01-31,11,+42,Anthem Part Two,blink-182,Take Off Your Pants and Jacket,109,50,30,2,19,8,101,0
2025-01-31,12,-8,1 TO 10,TWICE,TWICEcoaster: LANE 1,108,10,6,2,90,0,101,0
2025-01-31,13,=,Tunnel Vision,Magdalena Bay,Imaginal Disk,107,30,6,10,45,17,101,0
2025-01-31,14,+6,ไหล่เธอ (You’ve Got Ma Back) (เพลงประกอบซีรีส์ แฟนผมเป็นประธานนักเรียน My School President),Fourth,ไหล่เธอ (You’ve Got Ma Back) - Single,107,20,12,2,33,40,101,0
2025-01-31,15,+34,Stay Together for the Kids,blink-182,Take Off Your Pants and Jacket,106,45,27,2,21,11,101,0
2025-01-31,16,-11,PONYTAIL,TWICE,TWICEcoaster: LANE 1,103,10,6,2,85,0,101,0
2025-01-31,17,+45,Like It Like It,TWICE,Strategy,100,50,30,2,18,0,101,0
2025-01-31,18,+7,Give Me One Good Reason,blink-182,Take Off Your Pants and Jacket,99,40,24,2,26,7,101,0
2025-01-31,19,+41,Keeper,TWICE,Strategy,99,50,27,4,18,0,101,0
2025-01-31,20,+2,ง้อว (Smile Please) (เพลงประกอบซีรีส์ แฟนผมเป็นประธานนักเรียน My School President),Fourth,ง้อว (Smile Please) - Single,87,15,9,2,29,32,101,0
2025-01-31,21,+5,Watching T.V.,Magdalena Bay,Imaginal Disk,79,30,9,8,26,7,101,0
2025-01-31,22,+50,She's So Mean,Matchbox Twenty,North (Deluxe Edition),78,35,21,2,10,11,101,0
2025-01-31,23,-8,That's My Floor,Magdalena Bay,Imaginal Disk,76,5,3,2,42,24,101,0
2025-01-31,24,+32,Story of a Lonely Guy,blink-182,Take Off Your Pants and Jacket,76,30,18,2,19,7,101,0
2025-01-31,25,+22,Shut Up,blink-182,Take Off Your Pants and Jacket,76,25,15,2,22,13,101,0
2025-01-31,26,+20,รักหน้าตาเหมือนเธอไหม (Love Love Love) (เพลงประกอบซีรีส์ Our Skyy แฟนผมเป็นประธานนักเรียน),Gemini,รักหน้าตาเหมือนเธอไหม (Love Love Love) - Single,72,15,9,2,22,24,101,0
2025-01-31,27,+59,Redundant,Green Day,Nimrod,71,35,21,2,7,6,101,0
2025-01-31,28,+9,Killing Time,Magdalena Bay,Imaginal Disk,70,30,9,6,25,0,101,0
2025-01-31,29,+35,Strategy (feat. Megan Thee Stallion),TWICE,Strategy,68,30,18,2,18,0,101,0
2025-01-31,30,RE,Scattered,Green Day,Nimrod,66,35,21,2,0,8,101,0
2025-01-31,31,+37,Roller Coaster,blink-182,Take Off Your Pants and Jacket,65,25,15,2,16,7,101,0
2025-01-31,32,-4,The Rock Show,blink-182,Take Off Your Pants and Jacket,62,5,3,2,26,27,101,0
2025-01-31,33,-15,Death & Romance,Magdalena Bay,Imaginal Disk,60,5,3,2,34,17,101,0
2025-01-31,34,-15,Image,Magdalena Bay,Imaginal Disk,60,5,3,2,34,17,101,0
2025-01-31,35,-12,Nice Guys Finish Last,Green Day,Nimrod,60,10,6,2,28,15,101,0
2025-01-31,36,-15,Every Time I Look For You,blink-182,Take Off Your Pants and Jacket,60,5,3,2,31,19,101,0
2025-01-31,37,+21,Strategy,TWICE,Strategy,60,25,15,2,18,0,101,0
2025-01-31,38,+21,Magical,TWICE,Strategy,60,25,15,2,18,0,101,0
2025-01-31,39,+22,Sweetest Obsession,TWICE,Strategy,60,25,15,2,18,0,101,0
2025-01-31,40,+23,Kiss My Troubles Away,TWICE,Strategy,60,25,15,2,18,0,101,0
2025-01-31,41,RE,3AM,Matchbox Twenty,Yourself or Someone Like You,58,30,18,2,0,8,101,0
2025-01-31,42,+13,Happy Holidays You Bastard,blink-182,Take Off Your Pants and Jacket,56,15,9,2,19,11,101,0
2025-01-31,43,+22,we can't be friends (wait for your love),Ariana Grande,eternal sunshine,55,15,9,2,18,12,101,0
2025-01-31,44,+6,Please Take Me Home,blink-182,Take Off Your Pants and Jacket,54,15,9,2,21,7,101,0
2025-01-31,45,+9,Online Songs,blink-182,Take Off Your Pants and Jacket,53,15,9,2,19,8,101,0
2025-01-31,46,+20,bye,Ariana Grande,eternal sunshine,51,15,9,2,17,9,101,0
2025-01-31,47,-23,Dead!,My Chemical Romance,The Black Parade,51,5,3,2,27,15,101,0
2025-01-31,48,RE,FEARLESS,LE SSERAFIM,FEARLESS,50,30,18,2,0,0,101,0
2025-01-31,49,-6,Dance Dance,Fall Out Boy,From Under the Cork Tree,50,5,3,2,24,16,101,0
2025-01-31,50,RE,All the Time,Green Day,Nimrod,48,25,15,2,0,6,101,0
2025-01-31,51,-12,What's My Age Again?,blink-182,Enema of the State,47,5,3,2,25,13,101,0
2025-01-31,52,RE,Wherever You Will Go,The Calling,Camino Palmero,46,30,6,10,0,0,101,0
2025-01-31,53,-2,Sugar We're Goin Down,Fall Out Boy,From Under the Cork Tree,45,5,3,2,20,15,101,0
2025-01-31,54,+41,Real World,Matchbox Twenty,Yourself or Someone Like You,44,20,12,2,6,4,101,0
2025-01-31,55,+18,Wonderland (Taylor's Version),Taylor Swift,1989 (Taylor's Version),44,20,12,2,10,0,101,0
2025-01-31,56,RE,Push,Matchbox Twenty,Yourself or Someone Like You,42,25,15,2,0,0,101,0
2025-01-31,57,-5,Easy,Stray Kids,GO LIVE,40,5,3,2,20,11,101,0
2025-01-31,58,+24,Oh Love,Green Day,¡Uno!,39,15,9,2,8,6,101,0
2025-01-31,59,+10,First Date,blink-182,Take Off Your Pants and Jacket,38,10,6,2,13,8,101,0
2025-01-31,60,+33,Deadbeat Holiday,Green Day,Warning,38,15,9,2,6,6,101,0
2025-01-31,61,-4,ONE IN A MILLION,TWICE,TWICEcoaster: LANE 1,36,10,6,2,18,0,101,0
2025-01-31,62,-32,Angel On A Satellite,Magdalena Bay,Imaginal Disk,35,5,3,2,25,0,101,0
2025-01-31,63,-32,Cry For Me,Magdalena Bay,Imaginal Disk,35,5,3,2,25,0,101,0
2025-01-31,64,-32,Feeling Diskinserted?,Magdalena Bay,Imaginal Disk,35,5,3,2,25,0,101,0
2025-01-31,65,-32,Love Is Everywhere,Magdalena Bay,Imaginal Disk,35,5,3,2,25,0,101,0
2025-01-31,66,-32,Vampire In The Corner,Magdalena Bay,Imaginal Disk,35,5,3,2,25,0,101,0
2025-01-31,67,-32,Fear Sex,Magdalena Bay,Imaginal Disk,35,5,3,2,25,0,101,0
2025-01-31,68,-32,True Blue Interlude,Magdalena Bay,Imaginal Disk,35,5,3,2,25,0,101,0
2025-01-31,69,-31,She Looked Like Me!,Magdalena Bay,Imaginal Disk,35,5,3,2,25,0,101,0
2025-01-31,70,-3,Reckless Abandon,blink-182,Take Off Your Pants and Jacket,35,5,3,2,16,9,101,0
2025-01-31,71,RE,Unwell,Matchbox Twenty,More Than You Think You Are,35,15,9,2,0,9,101,0
2025-01-31,72,RE,Before the Lobotomy,Green Day,21st Century Breakdown,34,20,12,2,0,0,101,0
2025-01-31,73,RE,Let Me Go (feat. Chad Kroeger),Avril Lavigne,Avril Lavigne (Expanded Edition),34,20,12,2,0,0,101,0
2025-01-31,74,RE,Good Riddance (Time of Your Life),Green Day,Nimrod,34,20,12,2,0,0,101,0
2025-01-31,75,RE,The Very First Night (Taylor's Version) (From the Vault),Taylor Swift,Red (Taylor's Version),34,20,12,2,0,0,101,0
2025-01-31,76,RE,Better Man (Taylor's Version) (From the Vault),Taylor Swift,Red (Taylor's Version),34,20,12,2,0,0,101,0
2025-01-31,77,RE,Dilemma,Green Day,Saviors,33,15,9,2,0,7,101,0
2025-01-31,78,+1,She's a Rebel,Green Day,American Idiot,33,10,6,2,8,7,101,0
2025-01-31,79,RE,Blood - Hidden Track,My Chemical Romance,The Black Parade,32,20,6,6,0,0,101,0
2025-01-31,80,RE,Brutal Love,Green Day,¡Tré!,32,15,9,2,0,6,101,0
2025-01-31,81,+3,Worry Rock,Green Day,Nimrod,31,10,6,2,8,6,101,0
2025-01-31,82,-1,Thank You for the Venom,My Chemical Romance,Three Cheers for Sweet Revenge,30,10,6,2,8,5,101,0
2025-01-31,83,+16,Back in the USA,Green Day,Greatest Hits: God's Favorite Band,29,10,6,2,6,6,101,0
2025-01-31,84,+13,Murder City,Green Day,21st Century Breakdown,29,10,6,2,6,6,101,0
2025-01-31,85,=,Save Yourself I'll Hold Them Back,My Chemical Romance,Danger Days: The True Lives of the Fabulous Killjoys,28,10,6,2,7,3,101,0
2025-01-31,86,+10,Platypus (I Hate You),Green Day,Nimrod,28,10,6,2,6,4,101,0
2025-01-31,87,+13,This Is How I Disappear,My Chemical Romance,The Black Parade,28,10,6,2,6,5,101,0
2025-01-31,88,+6,Know Your Enemy,Green Day,21st Century Breakdown,28,10,6,2,6,4,101,0
2025-01-31,89,RE,ICY,ITZY,IT'z ICY,26,15,9,2,0,0,101,0
2025-01-31,90,RE,Devil,CLC,Devil,26,15,9,2,0,0,101,0
2025-01-31,91,RE,Christian's Inferno,Green Day,21st Century Breakdown,26,15,9,2,0,0,101,0
2025-01-31,92,RE,Cry,Kelly Clarkson,All I Ever Wanted,26,15,9,2,0,0,101,0
2025-01-31,93,RE,I Don't Love You,My Chemical Romance,The Black Parade,26,15,9,2,0,0,101,0
2025-01-31,94,RE,Going Away to College,blink-182,Enema of the State,26,15,9,2,0,0,101,0
2025-01-31,95,RE,Girl All the Bad Guys Want,Bowling for Soup,Drunk Enough to Dance,26,15,9,2,0,0,101,0
2025-01-31,96,RE,Fire Ready Aim,Green Day,Father of All...,26,15,9,2,0,0,101,0
2025-01-31,97,RE,Haushinka,Green Day,Nimrod,26,15,9,2,0,0,101,0
2025-01-31,98,RE,Is It Over Now? (Taylor's Version) (From the Vault),Taylor Swift,1989 (Taylor's Version),26,15,9,2,0,0,101,0
2025-01-31,99,RE,I Wish You Would (Taylor's Version),Taylor Swift,1989 (Taylor's Version),26,15,9,2,0,0,101,0
2025-01-31,100,RE,I Do Not Hook Up,Kelly Clarkson,All I Ever Wanted,26,15,9,2,0,0,101,0
2025-01-31,101,RE,Breed,Nirvana,Nevermind (Remastered),26,15,9,2,0,0,101,0
2025-01-31,102,+2,The End.,My Chemical Romance,The Black Parade,26,10,6,2,5,3,101,0
2025-01-31,103,RE,1981,Green Day,Saviors,26,10,6,2,0,8,101,0
2025-01-31,104,RE,Look Ma No Brains!,Green Day,Saviors,26,10,6,2,0,8,101,0
2025-01-31,105,RE,Father to a Son,Green Day,Saviors,25,10,6,2,0,7,101,0
2025-01-31,106,RE,You Found Me,Kelly Clarkson,Breakaway,24,10,6,2,0,6,101,0
2025-01-31,107,RE,On a Plain,Nirvana,Nevermind (Remastered),23,10,6,2,0,5,101,0
2025-01-31,108,-30,House of Wolves,My Chemical Romance,The Black Parade,22,5,3,2,9,4,101,0
2025-01-31,109,-18,Fancy Sauce,Green Day,Saviors,22,5,3,2,7,6,101,0
2025-01-31,110,RE,Castaway,Green Day,Warning,21,10,6,2,0,3,101,0
2025-01-31,111,RE,Jesus of Suburbia,Green Day,American Idiot,21,10,6,2,0,3,101,0
2025-01-31,112,-23,Famous Last Words,My Chemical Romance,The Black Parade,21,5,3,2,7,5,101,0
2025-01-31,113,-15,Walk Away,Kelly Clarkson,Breakaway,21,5,3,2,6,6,101,0
2025-01-31,114,-27,Blood Sex and Booze,Green Day,Warning,21,5,3,2,7,4,101,0
2025-01-31,115,-12,Last of the American Girls,Green Day,21st Century Breakdown,20,5,3,2,6,5,101,0
2025-01-31,116,-14,Last Night on Earth,Green Day,21st Century Breakdown,20,5,3,2,6,5,101,0
2025-01-31,117,RE,In the morning,ITZY,GUESS WHO,18,10,6,2,0,0,101,0
2025-01-31,118,RE,Ditto,NewJeans,NewJeans 'OMG',18,10,6,2,0,0,101,0
2025-01-31,119,RE,CLOSER,OH MY GIRL,CLOSER,18,10,6,2,0,0,101,0
2025-01-31,120,RE,Boulevard of Broken Dreams,Green Day,American Idiot,17,5,3,2,0,7,101,0
2025-01-31,121,RE,Losing Grip,Avril Lavigne,Let Go,17,5,3,2,0,7,101,0
2025-01-31,122,RE,Saviors,Green Day,Saviors,16,5,3,2,0,6,101,0
2025-01-31,123,RE,Strange Days Are Here to Stay,Green Day,Saviors,16,5,3,2,0,6,101,0
2025-01-31,124,RE,Come as You Are,Nirvana,Nevermind (Remastered),16,5,3,2,0,6,101,0
2025-01-31,125,RE,Can't Stop,Red Hot Chili Peppers,By the Way (Deluxe Edition),16,5,3,2,0,6,101,0
2025-01-31,126,RE,Graffitia,Green Day,Father of All...,14,5,3,2,0,4,101,0
2025-01-31,127,RE,Mutt,blink-182,Enema of the State,10,5,3,2,0,0,101,0
2025-01-31,128,RE,Begin Again (Taylor's Version),Taylor Swift,Red (Taylor's Version),10,5,3,2,0,0,101,0
2025-01-31,129,RE,Song of the Century,Green Day,21st Century Breakdown,10,5,3,2,0,0,101,0
